OBJECTID,REGION_NAME,ROUTE_NAME,ROUTE_CODE,MDU_NAME,MDU_CODE,TME_NAME,TME_CODE,TSM_NAME,TSM_CODE,SHAPE_Length,SHAPE_Area
"1",,,,,,,,NON NETWORK RAIL WEST,XD,1830.0892560277,23036.9835997358
"2",Wales & Western,Western,HD,Western West MDU,HD8,TME Exeter,HD8076,TSM Taunton,HD807686,939249.862387075,7215093696.48697
"3",Wales & Western,Wales,HC,Shrewsbury MDU,HC7,TME Hereford,HC7055,TSM Machynlleth,HC705512,490276.136341598,3463894784.41495
"4",,,,,,,,NON NETWORK RAIL WAL,XU,1164.4700645707,11004.678394863
"5",,,,,,,,NON NETWORK RAIL SCZ,XK,350.938230756797,822.334765211763
"6",,,,,,,,NON NETWORK RAIL SCZ,XK,2862.63581540944,17885.3060670594
"7",,,,,,,,NON NETWORK RAIL WEST,XD,946.761474798866,8730.34401987185
"8",,,,,,,,NON NETWORK RAIL WEST,XD,3554.25589539611,15009.8285645331
"9",,,,,,,,NON NETWORK RAIL WEST,XD,1526.74949724152,4252.04301508148
"10",,,,,,,,E W and S RAILWAY,DE,1554.42233320989,35375.8310473158
"11",,,,,,,,NON NETWORK RAIL WAL,XU,1878.15681797636,2369.82217648743
"12",Wales & Western,Wales,HC,EXT CVL DU - HC8,HC8,TME CVL,HC8001,TSM CVL,HC800101,195157.377779423,1033508456.10687
"13",,,,,,,,NON NETWORK RAIL WAL,XU,2133.75389608995,13876.2592738909
"14",Wales & Western,Wales,HC,Shrewsbury MDU,HC7,TME Shrewsbury,HC7056,TSM Shrewsbury,HC705604,404933.309549755,3068954309.90824
"15",North West & Central,LNW North,HR,Liverpool MDU - HR4,HR4,TME Mersey,HR4300,TSM Mersey,HR430030,271530.105933857,427618517.6458
"16",,,,,,,,NON NETWORK RAIL LNWN,XG,105.816625362904,84.1198140627212
"17",,,,,,,,NON NETWORK RAIL SCZ,XK,1471.94022783243,5066.83746096632
"18",,,,,,,,NON NETWORK RAIL SCZ,XK,870.215795528454,3359.76023625684
"19",,,,,,,,NON NETWORK RAIL SCZ,XK,837.650449402866,7313.09055274611
"20",,,,,,,,NON NETWORK RAIL SCZ,XK,4787.06663569415,17222.4686031732
"21",,,,,,,,NON NETWORK RAIL SCZ,XK,198.702872754266,185.94896516211
"22",,,,,,,,NON NETWORK RAIL SCZ,XK,341.233591550782,317.60774363003
"23",,,,,,,,NON NETWORK RAIL SCZ,XK,554.156708878992,6458.3242680136
"24",,,,,,,,NON NETWORK RAIL SCZ,XK,977.997819790139,17159.3244460161
"25",,,,,,,,NON NETWORK RAIL SCZ,XK,502.101162173485,8653.89482843257
"26",,,,,,,,NON NETWORK RAIL SCZ,XK,445.372280869285,886.057962841573
"27",,,,,,,,NON NETWORK RAIL SCZ,XK,390.966574243685,1108.39717692435
"28",,,,,,,,NON NETWORK RAIL SOU,XF,2241.20254539639,19726.6386774175
"29",,,,,,,,NON NETWORK RAIL WAL,XU,791.261295547176,1344.93099885672
"30",,,,,,,,NON NETWORK RAIL WEST,XD,1748.02747309447,11352.0540634968
"31",,,,,,,,NON NETWORK RAIL WEST,XD,2302.92238032168,2728.92913059146
"32",,,,,,,,NON NETWORK RAIL WEST,XD,172.564154096387,412.072737746582
"33",,,,,,,,NON NETWORK RAIL WEST,XD,3146.13765988689,3146.08409521878
"34",Wales & Western,Western,HD,Western Central MDU,HD6,TME Bristol,HD6070,TSM Parkway,HD607073,133473.123677847,696450994.109499
"35",,,,,,,,NON NETWORK RAIL SOU,XF,784.395652114285,756.196750537737
"36",,,,,,,,NON NETWORK RAIL SOU,XF,459.173046787973,2928.55559063332
"37",,,,,,,,E W and S RAILWAY,DE,1686.94975453182,23616.9216670273
"38",Wales & Western,Western,HD,Western Central MDU,HD6,TME Swindon,HD6072,TSM Swindon,HD607278,160352.073432819,1009213544.36101
"39",,,,,,,,NON NETWORK RAIL WEST,XD,403.839704432041,393.308685747087
"40",North West & Central,LNW South,HS,Saltley MDU - HS6,HS6,TME Worcester,HS6012,TSM Worcester,HS601201,208694.994343943,1169769253.72553
"41",,,,,,,,NON NETWORK RAIL WAL,XU,1070.63620610699,4198.95152686134
"42",,,,,,,,NON NETWORK RAIL WAL,XU,100.061884632896,103.457782492001
"43",,,,,,,,NON NETWORK RAIL WAL,XU,1013.27082081248,993.432549004244
"44",,,,,,,,NON NETWORK RAIL LNWS,XC,305.274881808455,340.006365933161
"45",,,,,,,,NON NETWORK RAIL LNWN,XG,283.355723417169,2248.4749110867
"46",,,,,,,,NON NETWORK RAIL LNWN,XG,1102.72046709281,23280.1905658796
"47",,,,,,,,NON NETWORK RAIL LNWN,XG,763.64827813739,2116.56449877198
"48",,,,,,,,NON NETWORK RAIL LNWS,XC,1820.42472557308,33857.5950015786
"49",,,,,,,,NON NETWORK RAIL LNWS,XC,1178.06217941099,20489.1005481797
"50",North West & Central,LNW North,HR,Manchester MDU - HR5,HR5,TME Manchester South,HR5002,TSM Wilmslow,HR500203,173080.614380362,752040675.206506
"51",,,,,,,,NON NETWORK RAIL LNWS,XC,2854.25478181799,119231.435315284
"52",,,,,,,,NON NETWORK RAIL LNWS,XC,1584.30918333637,16199.4519881543
"53",,,,,,,,NON NETWORK RAIL LNWS,XC,1096.4936566171,23330.9014555268
"54",,,,,,,,NON NETWORK RAIL LNWN,XG,142.619633022809,172.435399365369
"55",,,,,,,,NON NETWORK RAIL LNWN,XG,1076.59337526733,9563.36539414766
"56",,,,,,,,NON NETWORK RAIL LNWN,XG,1780.94879591512,36065.7976404125
"57",North West & Central,LNW North,HR,Manchester MDU - HR5,HR5,TME Manchester North,HR5001,TSM Victoria,HR500101,140845.533900958,271336728.193143
"58",,,,,,,,NON NETWORK RAIL LNWN,XG,4833.4977918826,61686.9885842294
"59",,,,,,,,NON NETWORK RAIL NE,XB,62876.815967277,68031.3408582167
"60",,,,,,,,NON NETWORK RAIL LNWN,XG,316.269634244686,2669.02345781357
"61",,,,,,,,NON NETWORK RAIL SCZ,XK,6958.54713830473,8180.46315817812
"62",,,,,,,,NON NETWORK RAIL SCZ,XK,1143.05074818992,7105.57007784136
"63",,,,,,,,NON NETWORK RAIL SCZ,XK,1075.5357373244,7464.72319662207
"64",,,,,,,,E W and S RAILWAY,DE,938.251941924983,10047.3950648192
"65",,,,,,,,NON NETWORK RAIL SOU,XF,570.528549693126,3621.1044189981
"66",,,,,,,,NON NETWORK RAIL SOU,XF,996.591772406668,1668.33973898944
"67",,,,,,,,NON NETWORK RAIL SOU,XF,553.133244169487,11074.1267854244
"68",,,,,,,,NON NETWORK RAIL SOU,XF,275.287966836513,230.982565247355
"69",,,,,,,,NON NETWORK RAIL WEST,XD,96.5046059257059,186.036725939145
"70",,,,,,,,E W and S RAILWAY,DE,996.276600895634,20345.9874452881
"71",Southern,Wessex,HW,Wessex Inner MDU,HW2,TME Feltham,HW2083,TSM Feltham,HW208321,127460.580724999,458621311.913409
"72",,,,,,,,E W and S RAILWAY,DE,2366.91534382767,52899.3672405725
"73",North West & Central,LNW South,HS,Bletchley MDU - HS8,HS8,TME Rugby,HS8003,TSM Rugby North,HS800308,82084.2044170762,219434650.630512
"74",,,,,,,,NON NETWORK RAIL LNWS,XC,5826.45920729448,130716.300088893
"75",,,,,,,,NON NETWORK RAIL LNWS,XC,602.124270891576,11544.5034403646
"76",,,,,,,,NON NETWORK RAIL LNWS,XC,811.303645751311,807.184449806377
"77",,,,,,,,NON NETWORK RAIL LNWS,XC,11222.1594758541,174273.994081094
"78",,,,,,,,NON NETWORK RAIL EMID,XZ,1879.16488719451,14990.1687744907
"79",,,,,,,,NON NETWORK RAIL EMID,XZ,1495.5678912933,2651.68036533751
"80",Eastern,East Midlands,HM,Derby MDU,HM9,TME Nottingham,HM9084,TSM Loscoe,HM908441,97817.3052275203,392874144.06017
"81",,,,,,,,NON NETWORK RAIL NE,XB,2466.62478672424,31831.5084088899
"82",Eastern,East Midlands,HM,Derby MDU,HM9,TME Nottingham,HM9084,Derby MDU - HM9,HM9,4800.78514668054,9993.36366681535
"83",Eastern,East Midlands,HM,Derby MDU,HM9,TME Leicester,HM9082,TSM Oakham,HM908223,220435.971509891,1328850040.88562
"84",,,,,,,,NON NETWORK RAIL NE,XB,437.433769044478,1157.04375533387
"85",,,,,,,,NON NETWORK RAIL NE,XB,687.896284935588,1965.43298456787
"86",,,,,,,,B.R.B. H.Q. (RA00),C,1515.88835259582,39513.2330186922
"87",,,,,,,,NON NETWORK RAIL NE,XB,2958.23209109033,66059.9037803454
"88",,,,,,,,NON NETWORK RAIL NE,XB,1418.44190461698,15487.8910980095
"89",,,,,,,,NON NETWORK RAIL NE,XB,1477.29270794855,6030.94968210112
"90",,,,,,,,NON NETWORK RAIL NE,XB,2256.49404944259,39510.3686357349
"91",Eastern,North and East,HF,York MDU - HF7,HF7,TME Knottingley,HF7062,TSM Knottingley East,HF706221,47525.0466185488,51522121.1100307
"92",,,,,,,,NON NETWORK RAIL EC,XE,2905.95822543928,53714.142259992
"93",,,,,,,,NON NETWORK RAIL EC,XE,2397.17457889227,79833.5583729012
"94",,,,,,,,NON NETWORK RAIL EC,XE,1017.88967589733,14266.7444483741
"95",,,,,,,,NON NETWORK RAIL NE,XB,1071.0269684696,7976.49697815836
"96",,,,,,,,NON NETWORK RAIL NE,XB,4895.26330421164,450956.653567226
"97",,,,,,,,NON NETWORK RAIL NE,XB,2060.35638376144,8591.66184429877
"98",,,,,,,,NON NETWORK RAIL NE,XB,1685.5696716562,49856.6810815229
"99",,,,,,,,NON NETWORK RAIL NE,XB,1516.02438092758,7386.28240760299
"100",,,,,,,,NON NETWORK RAIL NE,XB,1293.05463322141,12025.6219909472
"101",,,,,,,,NON NETWORK RAIL NE,XB,2372.58500547693,80873.2094439441
"102",,,,,,,,NON NETWORK RAIL NE,XB,1156.71715725441,6641.83642282244
"103",,,,,,,,NON NETWORK RAIL NE,XB,6014.8594970018,10986.8011225662
"104",,,,,,,,NON NETWORK RAIL EC,XE,1677.86102092482,32062.4269939776
"105",,,,,,,,E W and S RAILWAY,DE,1184.47421004828,12153.4297780861
"106",,,,,,,,NON NETWORK RAIL SOU,XF,2501.16902928988,32714.8730302148
"107",Eastern,East Midlands,HM,Bedford MDU,HM8,TME Luton,HM8085,TSM Cricklewood,HM808511,87315.7307245127,130567842.945741
"108",,,,,,,,NON NETWORK RAIL SOU,XF,811.004136612915,4982.76218366207
"109",,,,,,,,NON NETWORK RAIL ANG,XH,396.093480067202,2406.28304111197
"110",Eastern,Anglia,HT,Romford MDU,HT6,TME Romford,HT6001,TSM Liverpool Street,HT600130,21323.4801296939,5842240.61842552
"111",,,,,,,,NON NETWORK RAIL ANG,XH,1241.74584333216,8511.70668895371
"112",,,,,,,,NON NETWORK RAIL SOU,XF,2317.39287795915,24893.3175038698
"113",,,,,,,,NON NETWORK RAIL SOU,XF,151.448015545794,405.509571496764
"114",,,,,,,,NON NETWORK RAIL SOU,XF,108.379045955677,326.242231875657
"115",Southern,Kent,HK,Ashford MDU,HK6,TME Faversham,HK6045,TSM NOT KENT NWR MTC,HK6999,678.688999287769,6571.43046702156
"116",Southern,Kent,HK,Orpington MDU,HK5,TME Tonbridge,HK5040,TSM Tonbridge,HK504012,222191.710561464,1254619336.61954
"117",Southern,Kent,HK,Ashford MDU,HK6,TME Faversham,HK6045,TSM Medway,HK604508,324604.402279218,586141723.444761
"118",Southern,Kent,HK,Ashford MDU,HK6,TME Faversham,HK6045,TSM East Kent,HK604515,167572.55022375,938935767.229925
"119",Eastern,East Coast,HE,Peterborough MDU - HE2,HE2,TME Peterborough,HE2022,TSM Peterborough Sth,HE202221,115161.589196717,159129178.292755
"120",,,,,,,,NON NETWORK RAIL EC,XE,1573.68759169812,83226.3297536954
"121",Eastern,Anglia,HT,Tottenham MDU,HT8,TME Tottenham,HT8036,TSM Broxbourne,HT803610,268413.897412845,1970486533.46988
"122",Eastern,Anglia,HT,Tottenham MDU,HT8,TME Ely,HT8035,TSM Ely,HT803502,316462.801955256,1756265936.62363
"123",,,,,,,,NON NETWORK RAIL ANG,XH,863.214208944051,10271.9517531301
"124",,,,,,,,NON NETWORK RAIL SOU,XF,563.614234405574,7691.06883909941
"125",,,,,,,,NON NETWORK RAIL SOU,XF,3421.32334700499,95477.2597176246
"126",,,,,,,,NON NETWORK RAIL ANG,XH,318.913615945422,1581.89190434338
"127",,,,,,,,NON NETWORK RAIL ANG,XH,1105.04515219664,3453.79520664191
"128",,,,,,,,NON NETWORK RAIL ANG,XH,1534.06094342855,7020.96189002592
"129",Wales & Western,Western,HD,Western West MDU,HD8,TME Plymouth,HD8075,TSM Truro,HD807584,539784.853581647,1618928579.9182
"130",,,,,,,,E W and S RAILWAY,DE,1700.65830804385,39850.3691990023
"131",,,,,,,,NON NETWORK RAIL SCZ,XK,417.269521359017,745.997300185556
"132",,,,,,,,NON NETWORK RAIL SCZ,XK,751.435340474598,2461.05152613456
"133",,,,,,,,NON NETWORK RAIL SCZ,XK,2929.85607039976,21505.7581802921
"134",Scotland,Scotland,HL,Glasgow MDU,HL5,TME Glasgow,HL5003,TSM Fort William,HL500304,913923.610269936,6670655973.69922
"135",Scotland,Scotland,HL,Perth MDU,HL2,TME Inverness,HL2004,TSM Helmsdale,HL200403,1463406.86339466,10564125304.5268
"136",,,,,,,,NON NETWORK RAIL WEST,XD,351.112129716102,2437.432110318
"137",Southern,Wessex,HW,Wessex Outer MDU,HW4,TME Salisbury,HW4086,TSM Yeovil,HW408662,334329.840829628,3135900225.1009
"138",,,,,,,,NON NETWORK RAIL WAL,XU,2624.51377821472,14776.6264641961
"139",,,,,,,,NON NETWORK RAIL WAL,XU,1636.13941209336,21862.5733574248
"140",,,,,,,,E W and S RAILWAY,DE,1596.06995551162,9988.23619031157
"141",,,,,,,,NON NETWORK RAIL WAL,XU,3356.35029646175,35303.5506698078
"142",,,,,,,,NON NETWORK RAIL WAL,XU,20435.5656082266,102091.146507876
"143",,,,,,,,NON NETWORK RAIL LNWN,XG,1596.64174913667,25771.7333109472
"144",Scotland,Scotland,HL,Motherwell MDU,HL4,TME Motherwell,HL4005,TSM Dumfries,HL400504,570871.874074631,5346819524.59224
"145",,,,,,,,NON NETWORK RAIL SCZ,XK,2671.89345430935,66142.2010774479
"146",,,,,,,,NON NETWORK RAIL SCZ,XK,6534.42263815229,8896.36815785584
"147",,,,,,,,NON NETWORK RAIL SCZ,XK,331.964478382027,284.893578706358
"148",,,,,,,,NON NETWORK RAIL SCZ,XK,1068.22643759117,5751.15142968254
"149",,,,,,,,NON NETWORK RAIL SCZ,XK,278.080277122779,246.902781672802
"150",Scotland,Scotland,HL,Motherwell MDU,HL4,TME Motherwell,HL4005,TSM Carstairs,HL400502,342756.200244275,3613034128.03691
"151",,,,,,,,NON NETWORK RAIL SCZ,XK,1147.39076178875,4043.68651135846
"152",,,,,,,,NON NETWORK RAIL SCZ,XK,1687.54524375425,39295.8553380962
"153",,,,,,,,NON NETWORK RAIL SCZ,XK,469.339868659149,429.580669209764
"154",,,,,,,,NON NETWORK RAIL SCZ,XK,380.035358558038,737.626178133836
"155",,,,,,,,NON NETWORK RAIL SCZ,XK,3245.09803820811,50237.8751702378
"156",,,,,,,,NON NETWORK RAIL SCZ,XK,1506.07731989655,28519.2400696331
"157",,,,,,,,NON NETWORK RAIL SCZ,XK,1789.60156882391,43762.3679048135
"158",,,,,,,,NON NETWORK RAIL SCZ,XK,832.370651443584,4048.51926880104
"159",,,,,,,,NON NETWORK RAIL SCZ,XK,193.34955607972,172.513483994078
"160",,,,,,,,NON NETWORK RAIL SCZ,XK,3754.18500628539,11054.7041437677
"161",Scotland,Scotland,HL,Perth MDU,HL2,TME Inverness,HL2004,TSM Inverness,HL200401,451662.579038309,6236873792.58656
"162",,,,,,,,NON NETWORK RAIL SCZ,XK,1355.44668935805,9513.38931675816
"163",,,,,,,,NON NETWORK RAIL SCZ,XK,1229.39347492106,3328.84424561583
"164",,,,,,,,NON NETWORK RAIL SCZ,XK,116.108025088354,106.572870293596
"165",,,,,,,,NON NETWORK RAIL SCZ,XK,14520.286021366,14498.2915403312
"166",,,,,,,,NON NETWORK RAIL WEST,XD,828.523833534959,954.371731492418
"167",,,,,,,,NON NETWORK RAIL WEST,XD,1080.55779558029,24907.7832638015
"168",,,,,,,,NON NETWORK RAIL LNWS,XC,355.473431185932,1243.70536025968
"169",North West & Central,LNW South,HS,Saltley MDU - HS6,HS6,TME Saltley,HS6011,TSM Saltley,HS601103,142849.869007694,618583121.154699
"170",North West & Central,LNW South,HS,Saltley MDU - HS6,HS6,TME Saltley,HS6011,TSM Whitacre,HS601101,139866.807588222,308488128.504666
"171",,,,,,,,NON NETWORK RAIL WAL,XU,1684.15751707577,4924.96034790014
"172",,,,,,,,NON NETWORK RAIL WAL,XU,698.013509385785,9033.06755523017
"173",,,,,,,,NON NETWORK RAIL LNWS,XC,2399.2936071658,27640.6740855113
"174",,,,,,,,NON NETWORK RAIL LNWN,XG,4562.93802351621,106286.12506308
"175",North West & Central,LNW North,HR,Liverpool MDU - HR4,HR4,TME Crewe,HR4100,TSM Crewe South,HR410011,66310.3416372881,77497977.3944818
"176",,,,,,,,NON NETWORK RAIL LNWS,XC,568.95421262182,1430.92364576946
"177",,,,,,,,NON NETWORK RAIL LNWN,XG,3252.27608085715,81114.1588040155
"178",,,,,,,,NON NETWORK RAIL LNWS,XC,697.331316245504,1594.85379701036
"179",Eastern,East Midlands,HM,Derby MDU,HM9,TME Derby,HM9083,TSM Burton,HM908331,183026.076437891,806994198.614685
"180",Eastern,North and East,HF,Sheffield MDU - HF4,HF4,TME Sheffield,HF4024,TSM Sheffield South,HF402441,156320.694431128,525872536.280186
"181",,,,,,,,NON NETWORK RAIL LNWN,XG,1732.4954907342,1712.84132544321
"182",,,,,,,,NON NETWORK RAIL LNWN,XG,454.36575434564,2449.3280494264
"183",,,,,,,,NON NETWORK RAIL LNWN,XG,808.916313161236,3956.47648572044
"184",,,,,,,,NON NETWORK RAIL LNWN,XG,5055.10919305538,39041.0677586253
"185",Eastern,North and East,HF,Sheffield MDU - HF4,HF4,TME Sheffield,HF4024,TSM Sheffield North,HF402440,166319.277075704,527500633.632884
"186",,,,,,,,NON NETWORK RAIL LNWN,XG,608.43651999117,2189.26324131673
"187",,,,,,,,NON NETWORK RAIL LNWN,XG,2226.68682676385,39928.5931621082
"188",,,,,,,,Wensleydale Rly Co.,XP,69832.7625011402,71478.5418576571
"189",,,,,,,,NON NETWORK RAIL SCZ,XK,4161.9179547894,60511.1923865122
"190",,,,,,,,NON NETWORK RAIL SCZ,XK,455.22628850492,2582.43707330391
"191",,,,,,,,NON NETWORK RAIL SCZ,XK,653.107503608993,2238.14117606073
"192",,,,,,,,NON NETWORK RAIL SCZ,XK,319.97078580467,969.081603072541
"193",,,,,,,,NON NETWORK RAIL SCZ,XK,539.692413568442,2416.46342764698
"194",Southern,Sussex,HU,Brighton MDU,HU4,TME Brighton South,HU4053,TSM Barnham,HU405309,224607.630788141,910409400.074567
"195",,,,,,,,NON NETWORK RAIL SOU,XF,742.409655344869,3003.88022919246
"196",Southern,Wessex,HW,Wessex Outer MDU,HW4,TME Eastleigh,HW4085,TSM Southampton,HW408553,201830.882457156,295435411.207342
"197",,,,,,,,NON NETWORK RAIL SOU,XF,3225.487810189,25634.7748762887
"198",,,,,,,,NON NETWORK RAIL WEST,XD,528.770228469073,1244.51679727329
"199",North West & Central,LNW South,HS,Euston MDU - HS9,HS9,TME Watford,HS9002,TSM Watford,HS900203,122667.749759421,411062005.027565
"200",Wales & Western,Western,HD,Western East MDU,HD7,TME West Ealing,HD7074,TSM West Ealing,HD707482,61524.417255952,113229149.74326
"201",,,,,,,,NON NETWORK RAIL WEST,XD,306.474852194937,2635.26924862814
"202",North West & Central,LNW South,HS,Bletchley MDU - HS8,HS8,TME Rugby,HS8003,TSM Rugby South,HS800307,98746.8456547921,372562282.685374
"203",,,,,,,,NON NETWORK RAIL LNWS,XC,1287.27895520658,10772.133134398
"204",North West & Central,LNW South,HS,Bletchley MDU - HS8,HS8,TME Bletchley,HS8002,TSM Leighton Buzzard,HS800204,109653.68630165,345940222.921338
"205",Eastern,East Midlands,HM,Bedford MDU,HM8,TME Bedford,HM8081,TSM Bedford,HM808112,138492.090626914,612465020.617643
"206",,,,,,,,NON NETWORK RAIL LNWS,XC,3391.99744962266,14724.8455589075
"207",,,,,,,,NON NETWORK RAIL EMID,XZ,213.744223400485,1002.06014835036
"208",,,,,,,,NON NETWORK RAIL EMID,XZ,426.131278469132,1761.93550790909
"209",,,,,,,,NON NETWORK RAIL EMID,XZ,2832.33835013938,95986.8932720018
"210",,,,,,,,NON NETWORK RAIL EMID,XZ,133.381927940927,95.3858443184378
"211",,,,,,,,NON NETWORK RAIL NE,XB,2071.6126574982,22031.7433089137
"212",,,,,,,,NON NETWORK RAIL EMID,XZ,324.342927961455,647.274897791071
"213",,,,,,,,NON NETWORK RAIL EMID,XZ,1089.04713075573,9061.78444446953
"214",Eastern,East Midlands,HM,Derby MDU,HM9,TME Leicester,HM9082,TSM Leicester,HM908222,143851.380789121,947357430.656564
"215",Eastern,East Midlands,HM,Derby MDU,HM9,TME Lincoln,HM9025,TSM Sleaford,HM902553,415365.1081515,3291057499.88045
"216",,,,,,,,NON NETWORK RAIL NE,XB,1343.46159875142,16865.3224916739
"217",,,,,,,,NON NETWORK RAIL NE,XB,84.8565531694641,157.846250400227
"218",,,,,,,,NON NETWORK RAIL NE,XB,581.241155086579,2429.86251862429
"219",,,,,,,,NON NETWORK RAIL NE,XB,1984.23645287017,5973.81755351425
"220",,,,,,,,NON NETWORK RAIL NE,XB,1358.55550822701,10235.1635600455
"221",,,,,,,,NON NETWORK RAIL NE,XB,550.212054193236,2796.90354956047
"222",,,,,,,,NON NETWORK RAIL EC,XE,2327.14285571157,56205.2556071036
"223",,,,,,,,NON NETWORK RAIL NE,XB,2861.25131040573,49792.5005686316
"224",,,,,,,,NON NETWORK RAIL EC,XE,734.696050634576,2517.28586168727
"225",,,,,,,,NON NETWORK RAIL NE,XB,3704.04199678062,118396.444068235
"226",Eastern,East Coast,HE,Doncaster MDU - HE3,HE3,TME Doncaster,HE3023,TSM Doncaster West,HE302332,128841.758214223,370844077.241129
"227",,,,,,,,NON NETWORK RAIL NE,XB,2696.45154269215,15283.765661465
"228",,,,,,,,NON NETWORK RAIL NE,XB,3714.03209107753,19029.1483248297
"229",Eastern,North and East,HF,York MDU - HF7,HF7,TME York,HF7066,TSM Hull,HF706662,301852.765182408,1688003315.28514
"230",,,,,,,,NON NETWORK RAIL EC,XE,618.237526989038,10223.5395779734
"231",,,,,,,,NON NETWORK RAIL NE,XB,88.3927326092908,223.867114659744
"232",,,,,,,,NON NETWORK RAIL NE,XB,487.445029935202,501.582591196845
"233",,,,,,,,NON NETWORK RAIL NE,XB,663.992432016687,903.202785363271
"234",Eastern,North and East,HF,Middlesbrough MDU - HF1,HF1,TME Middlesbrough,HF1067,TSM Middlesbro West,HF106734,195933.841171727,366665626.860808
"235",,,,,,,,NON NETWORK RAIL EC,XE,1506.75358801833,7955.28990982365
"236",,,,,,,,NON NETWORK RAIL NE,XB,8721.54885898132,1454170.61120434
"237",,,,,,,,E W and S RAILWAY,DE,1251.59342910456,30887.2484932777
"238",,,,,,,,NON NETWORK RAIL LNWS,XC,6599.17855187032,88492.0700199004
"239",,,,,,,,NON NETWORK RAIL LNWS,XC,103.860605503192,431.567228832405
"240",,,,,,,,NON NETWORK RAIL LNWS,XC,838.820199185234,6083.10733554828
"241",Eastern,East Midlands,HM,Bedford MDU,HM8,TME Luton,HM8085,TME Bedford,HM8081,1278.6699786572,14483.9017424662
"242",Southern,Wessex,HW,Wessex Inner MDU,HW2,TME Feltham,HW2083,TSM Wimbledon,HW208322,86067.5708363811,136005884.770016
"243",,,,,,,,NON NETWORK RAIL SOU,XF,994.003094714842,3506.5297676224
"244",,,,,,,,NON NETWORK RAIL LNWS,XC,771.229697794494,3601.05849671479
"245",,,,,,,,NON NETWORK RAIL SOU,XF,933.363013214969,10131.7839824554
"246",Southern,Kent,HK,Lon Bridge MDU,HK4,TME London Bridge,HK4027,TSM London Bridge,HK402701,66422.5762431389,34262467.9780871
"247",,,,,,,,SE TRAINS,HK699903,1638.35711370207,29876.0457196616
"248",,,,,,,,NON NETWORK RAIL ANG,XH,376.888629281666,1882.09585599001
"249",,,,,,,,NON NETWORK RAIL ANG,XH,341.171371263888,1454.14687997463
"250",,,,,,,,NON NETWORK RAIL SOU,XF,971.75070637925,10350.7705042559
"251",,,,,,,,SE TRAINS,HK699903,2304.69715704952,8638.51898928387
"252",Eastern,Anglia,HT,Romford MDU,HT6,TME Barking,HT6037,TSM Leigh-on-Sea,HT603701,148650.604206018,204135361.390336
"253",,,,,,,,NON NETWORK RAIL EC,XE,1385.17557661445,27164.1953052224
"254",,,,,,,,NON NETWORK RAIL EC,XE,1624.78477260287,12120.5049615555
"255",,,,,,,,NON NETWORK RAIL NE,XB,3033.41493364757,39365.6666764278
"256",,,,,,,,NON NETWORK RAIL NE,XB,2763.73619906865,13062.4154589494
"257",,,,,,,,NON NETWORK RAIL ANG,XH,404.683530605983,2966.42182586975
"258",,,,,,,,NON NETWORK RAIL ANG,XH,462.573921182792,943.571088421495
"259",,,,,,,,NON NETWORK RAIL ANG,XH,912.877398333175,4391.88051518419
"260",Eastern,Anglia,HT,Ipswich MDU,HT7,TME Norwich,HT7003,TSM Lowestoft,HT700360,541852.946889428,1614488799.52878
"261",,,,,,,,E W and S RAILWAY,DE,1854.66310721374,24770.9954540423
"262",Wales & Western,Western,HD,Western West MDU,HD8,TME Plymouth,HD8075,TSM Tavi Junction,HD807583,480797.693337469,1680150463.50617
"263",,,,,,,,NON NETWORK RAIL WAL,XU,758.858866174179,3426.68346329359
"264",,,,,,,,NON NETWORK RAIL SCZ,XK,911.483031476693,1122.69585582179
"265",Scotland,Scotland,HL,Motherwell MDU,HL4,TME Irvine,HL4004,TSM Paisley,HL400405,102822.782428021,436018954.13118
"266",,,,,,,,NON NETWORK RAIL SCZ,XK,889.027690063454,15468.4125550659
"267",Scotland,Scotland,HL,Perth MDU,HL2,TME Inverness,HL2004,TSM Dingwall,HL200402,689511.2111895,4119702804.41895
"268",Wales & Western,Wales,HC,Cardiff MDU,HC6,TME Swansea,HC6030,TSM Port Talbot,HC603010,133089.545230475,426057686.142831
"269",,,,,,,,NON NETWORK RAIL WAL,XU,4616.93831515834,36178.3822522994
"270",Wales & Western,Wales,HC,Cardiff MDU,HC6,TME Newport,HC6025,TSM Newport,HC602502,255071.418004726,618335900.362985
"271",,,,,,,,NON NETWORK RAIL LNWN,XG,2064.31329614077,54405.8792866244
"272",,,,,,,,NON NETWORK RAIL LNWN,XG,976.546955526757,3399.72963478508
"273",,,,,,,,NON NETWORK RAIL SCZ,XK,1567.10411698825,20494.493424827
"274",,,,,,,,NON NETWORK RAIL SCZ,XK,116.139862581429,382.596750699994
"275",,,,,,,,NON NETWORK RAIL SCZ,XK,10157.6208765961,56672.0433129864
"276",,,,,,,,NON NETWORK RAIL SCZ,XK,139.790708236622,147.994475848736
"277",,,,,,,,NON NETWORK RAIL SCZ,XK,859.747824286311,1655.19514307054
"278",,,,,,,,NON NETWORK RAIL SCZ,XK,2046.84095625091,16071.3593569044
"279",,,,,,,,NON NETWORK RAIL SCZ,XK,272.368868175258,899.185310253366
"280",,,,,,,,NON NETWORK RAIL SCZ,XK,6916.75330245131,41255.3600895246
"281",Scotland,Scotland,HL,Edinburgh MDU,HL3,TME Edinburgh,HL3003,TSM Edinburgh Park,HL300303,125899.182074296,536896217.736321
"282",Scotland,Scotland,HL,Perth MDU,HL2,TME Perth,HL2001,TSM Dundee,HL200102,430950.485729086,3863465300.42852
"283",,,,,,,,NON NETWORK RAIL SCZ,XK,286.555057803918,623.262367804038
"284",,,,,,,,NON NETWORK RAIL WEST,XD,1979.66321812421,22075.6318992121
"285",,,,,,,,NON NETWORK RAIL WEST,XD,1221.81407728142,8478.54946889603
"286",,,,,,,,NON NETWORK RAIL WEST,XD,1211.49548786021,2186.20818752855
"287",,,,,,,,NON NETWORK RAIL LNWN,XG,2328.18934609362,16223.6026201024
"288",,,,,,,,NON NETWORK RAIL LNWN,XG,1747.78291889982,8635.73084764162
"289",,,,,,,,NON NETWORK RAIL LNWN,XG,512.906562010086,2977.14255975877
"290",,,,,,,,NON NETWORK RAIL LNWS,XC,1564.52334190025,11072.6416590752
"291",North West & Central,LNW South,HS,S/wel& Dud MDU - HS7,HS7,TME Sandwell& Dudley,HS7012,TSM Sandwell&Dudley,HS701203,206588.738090472,911164875.127882
"292",,,,,,,,NON NETWORK RAIL LNWS,XC,1824.22388789403,12282.2317837091
"293",,,,,,,,CHURNET VALLEY RLY,XO,82991.9505661733,252267.144918348
"294",North West & Central,LNW South,HS,Saltley MDU - HS6,HS6,TME Saltley,HS6011,TSM Saltley,HS601103,70026.5099434095,111358330.669339
"295",,,,,,,,NON NETWORK RAIL LNWN,XG,1320.0086175962,8643.82490179919
"296",,,,,,,,NON NETWORK RAIL LNWN,XG,2320.50455446298,29506.4769632662
"297",,,,,,,,NON NETWORK RAIL LNWN,XG,1072.05000561122,7871.80868016437
"298",,,,,,,,NON NETWORK RAIL LNWN,XG,316.755998281628,930.642423993221
"299",,,,,,,,NON NETWORK RAIL LNWN,XG,1553.64459251451,31181.9288440554
"300",,,,,,,,NON NETWORK RAIL LNWN,XG,1317.48744122345,3918.25285606553
"301",,,,,,,,NON NETWORK RAIL LNWN,XG,1927.67523544521,9031.99148944631
"302",,,,,,,,NON NETWORK RAIL LNWN,XG,284.510933491272,559.583335112167
"303",,,,,,,,NON NETWORK RAIL LNWN,XG,126.556045303653,252.962332354897
"304",,,,,,,,NON NETWORK RAIL LNWN,XG,3142.99819413428,6695.32339727237
"305",North West & Central,LNW North,HR,Liverpool MDU - HR4,HR4,TME Warrington,HR4500,TSM Warrington,HR450050,117250.654219821,322863936.114922
"306",,,,,,,,NON NETWORK RAIL LNWN,XG,2786.87133050009,84581.3117757196
"307",North West & Central,LNW North,HR,Manchester MDU - HR5,HR5,TME Manchester South,HR5002,TSM Piccadilly,HR500202,86446.7706870097,133396271.441002
"308",,,,,,,,NON NETWORK RAIL LNWN,XG,1095.62305229833,4351.57573361876
"309",,,,,,,,MANCHESTER METROLINK,ZM,38958.8773452168,295312.643448469
"310",,,,,,,,NON NETWORK RAIL LNWN,XG,937.117116442126,1811.61996702302
"311",Eastern,North and East,HF,Leeds MDU - HF6,HF6,TME Leeds,HF6061,TSM Shipley,HF606112,203077.813872296,1123867698.43469
"312",Eastern,North and East,HF,Leeds MDU - HF6,HF6,TME Wakefield,HF6067,TSM Huddersfield,HF606771,144643.000551519,845863051.951342
"313",Eastern,East Coast,HE,Newcastle MDU - HE8,HE8,TME Newcastle,HE8065,TSM Newcastle,HE806551,217850.065293635,836328131.411912
"314",,,,,,,,NON NETWORK RAIL SCZ,XK,248.631196306713,261.655525085398
"315",,,,,,,,NON NETWORK RAIL SCZ,XK,677.728281269286,867.434708155928
"316",,,,,,,,NON NETWORK RAIL SCZ,XK,610.197033856658,4756.33285401318
"317",,,,,,,,NON NETWORK RAIL SOU,XF,5525.85422525972,184063.034761061
"318",Wales & Western,Western,HD,Western Central MDU,HD6,TME Swindon,HD6072,TSM Didcot,HD607277,206674.752723285,1157582874.3844
"319",,,,,,,,NON NETWORK RAIL WEST,XD,1838.03369569026,70492.3747202789
"320",,,,,,,,NON NETWORK RAIL LNWS,XC,1198.98997578108,18400.6495716426
"321",,,,,,,,NON NETWORK RAIL EMID,XZ,1684.55810246726,3291.06364122007
"322",,,,,,,,NON NETWORK RAIL EMID,XZ,2644.08313034055,8622.48977231238
"323",,,,,,,,NON NETWORK RAIL EMID,XZ,1593.77183063195,38285.3288776942
"324",,,,,,,,NON NETWORK RAIL EMID,XZ,2867.23489893441,34189.1741574108
"325",,,,,,,,NON NETWORK RAIL EMID,XZ,3481.52629543925,22588.4031650143
"326",,,,,,,,NON NETWORK RAIL EMID,XZ,126.144552806267,77.5632194883263
"327",,,,,,,,NON NETWORK RAIL NE,XB,1320.49594488332,17288.9742835422
"328",Eastern,East Coast,HE,Doncaster MDU - HE3,HE3,TME Doncaster,HE3023,TSM Grantham,HE302331,180427.499514514,228064285.761728
"329",,,,,,,,NON NETWORK RAIL NE,XB,1333.1204520021,14209.0879151184
"330",,,,,,,,NON NETWORK RAIL NE,XB,1149.48869081215,15833.1568951233
"331",,,,,,,,NON NETWORK RAIL NE,XB,2167.5715113459,19538.8672708447
"332",,,,,,,,NON NETWORK RAIL NE,XB,805.621592696127,1091.79223418788
"333",,,,,,,,NON NETWORK RAIL NE,XB,1737.15170202596,31030.5583280948
"334",,,,,,,,NON NETWORK RAIL NE,XB,1804.16779696127,3164.98541859844
"335",,,,,,,,NON NETWORK RAIL EC,XE,1534.10486030657,6204.95430138557
"336",,,,,,,,NON NETWORK RAIL EC,XE,1742.11988030535,121048.761992869
"337",,,,,,,,NON NETWORK RAIL NE,XB,5543.7999634226,469352.583594188
"338",,,,,,,,NON NETWORK RAIL EC,XE,2694.44589613715,56269.0494939668
"339",,,,,,,,NON NETWORK RAIL NE,XB,3992.53840474257,451998.372587128
"340",,,,,,,,NON NETWORK RAIL NE,XB,1575.99551755501,7839.39444609498
"341",,,,,,,,NON NETWORK RAIL EC,XE,1313.9528181691,17218.5063041334
"342",,,,,,,,NON NETWORK RAIL NE,XB,6149.70174866116,109279.521385408
"343",,,,,,,,NON NETWORK RAIL NE,XB,6644.06924406965,134488.582529134
"344",,,,,,,,NON NETWORK RAIL NE,XB,792.469775086478,8035.30264609692
"345",,,,,,,,NON NETWORK RAIL EC,XE,1102.70664996938,6617.12355916003
"346",,,,,,,,NON NETWORK RAIL SOU,XF,1274.1538167788,17035.3451184265
"347",,,,,,,,E W and S RAILWAY,DE,1973.72049961008,65051.1410646708
"348",,,,,,,,NON NETWORK RAIL LNWS,XC,1299.15248509333,38058.084534071
"349",,,,,,,,NON NETWORK RAIL LNWS,XC,549.632964492695,1811.42740477341
"350",,,,,,,,NON NETWORK RAIL SOU,XF,3560.36836111097,115279.056146555
"351",,,,,,,,NON NETWORK RAIL SOU,XF,791.181551902508,8936.30217037007
"352",,,,,,,,NON NETWORK RAIL SOU,XF,414.635088049962,1735.8206680374
"353",,,,,,,,NON NETWORK RAIL SOU,XF,110.561751967309,135.809542986575
"354",Eastern,Anglia,HT,Tottenham MDU,HT8,TME Tottenham,HT8036,TSM Camden,HT803603,85435.7689382659,7113169.35707531
"355",,,,,,,,NON NETWORK RAIL SOU,XF,1156.92191030119,3621.99575868763
"356",,,,,,,,SE TRAINS,HK699903,2089.307859473,32889.4083722547
"357",,,,,,,,NON NETWORK RAIL ANG,XH,1084.91638257934,24371.3319065145
"358",,,,,,,,NON NETWORK RAIL ANG,XH,1407.05307646838,14347.9656569422
"359",,,,,,,,Transport for London,XT,81071.347620286,3040634.26390579
"360",,,,,,,,NON NETWORK RAIL ANG,XH,363.489902893332,1950.82854642391
"361",,,,,,,,NON NETWORK RAIL SOU,XF,1130.09618034914,51679.9409193818
"362",Southern,Kent,HK,Ashford MDU,HK6,TME Faversham,HK6045,Ashford MDU - HK6,HK6,783.64884083831,8593.65809891244
"363",,,,,,,,NON NETWORK RAIL SOU,XF,486.246505799585,13961.8510954881
"364",Southern,Kent,HK,Lon Bridge MDU,HK4,TME Dartford,HK4035,TSM Dartford,HK403506,192986.387403993,289325275.492965
"365",,,,,,,,NON NETWORK RAIL SOU,XF,1992.92493740743,29531.5972137228
"366",,,,,,,,NON NETWORK RAIL SOU,XF,2046.18517013939,9651.43841579732
"367",,,,,,,,NON NETWORK RAIL EC,XE,52.887765968571,120.215549614506
"368",,,,,,,,NON NETWORK RAIL EC,XE,3957.81476766719,119032.947477663
"369",,,,,,,,NON NETWORK RAIL ANG,XH,1322.43708667134,16448.7216378617
"370",,,,,,,,NON NETWORK RAIL ANG,XH,1015.9931919779,7971.76288431049
"371",,,,,,,,NON NETWORK RAIL NE,XB,2481.25239573194,4526.53286408184
"372",,,,,,,,NON NETWORK RAIL NE,XB,1690.12292281169,13557.5183265023
"373",,,,,,,,NON NETWORK RAIL ANG,XH,2385.39340140261,78887.211101355
"374",,,,,,,,NON NETWORK RAIL ANG,XH,664.779896652618,12064.1512548973
"375",,,,,,,,E W and S RAILWAY,DE,644.267712309514,5772.33006078998
"376",,,,,,,,NON NETWORK RAIL WAL,XU,1154.55356825905,33603.6388763611
"377",,,,,,,,NON NETWORK RAIL SCZ,XK,1511.29261345485,20234.6719409845
"378",,,,,,,,NON NETWORK RAIL SCZ,XK,387.984838679006,351.007457183248
"379",,,,,,,,NON NETWORK RAIL WEST,XD,616.134767084934,3242.79047553017
"380",,,,,,,,NON NETWORK RAIL WAL,XU,2248.64943691825,54736.071592128
"381",,,,,,,,NON NETWORK RAIL WAL,XU,3535.94631962008,163128.261560039
"382",Wales & Western,Wales,HC,Cardiff MDU,HC6,TME Swansea,HC6030,TSM Llanelli,HC603014,309859.705635525,948029210.823401
"383",,,,,,,,NON NETWORK RAIL WAL,XU,2979.21843962249,27892.6927117971
"384",,,,,,,,NON NETWORK RAIL SCZ,XK,1542.78804665681,20686.2431754625
"385",,,,,,,,NON NETWORK RAIL SCZ,XK,1306.31357008109,3359.47961107701
"386",,,,,,,,NON NETWORK RAIL SCZ,XK,1098.07574194348,1048.40439259029
"387",,,,,,,,NON NETWORK RAIL SCZ,XK,697.767523995251,4633.35434432487
"388",,,,,,,,NON NETWORK RAIL SCZ,XK,1969.91776446967,4208.34574806645
"389",,,,,,,,NON NETWORK RAIL SCZ,XK,1916.73279918353,22777.6580232605
"390",,,,,,,,NON NETWORK RAIL SCZ,XK,147.187477667314,122.386416503948
"391",,,,,,,,NON NETWORK RAIL SCZ,XK,802.46627850689,1560.80434219737
"392",,,,,,,,NON NETWORK RAIL SCZ,XK,318.055798985068,1549.00463472109
"393",,,,,,,,NON NETWORK RAIL SCZ,XK,289.296967799563,271.426497919001
"394",,,,,,,,NON NETWORK RAIL SCZ,XK,1032.1887729521,11035.2538229236
"395",,,,,,,,NON NETWORK RAIL SCZ,XK,2313.97895297075,28824.0654094865
"396",Scotland,Scotland,HL,Edinburgh MDU,HL3,TME Edinburgh,HL3003,TSM Edinburgh Waverley,HL300302,120289.185229181,326367497.691924
"397",,,,,,,,NON NETWORK RAIL SCZ,XK,432.121438025452,414.258428921505
"398",,,,,,,,NON NETWORK RAIL SCZ,XK,702.9302386593,6858.0674749608
"399",Scotland,Scotland,HL,Perth MDU,HL2,TME Inverness,HL2004,TSM Keith,HL200404,513478.686384745,5428265295.33111
"400",,,,,,,,NON NETWORK RAIL SCZ,XK,1725.31351727987,10694.5238487388
"401",,,,,,,,NON NETWORK RAIL SCZ,XK,50.6167161210549,87.3337155043329
"402",,,,,,,,NON NETWORK RAIL SCZ,XK,190.863419583479,257.210098293706
"403",,,,,,,,NON NETWORK RAIL WAL,XU,1967.90942156224,35345.8938493729
"404",,,,,,,,E W and S RAILWAY,DE,1054.67061721928,4140.49259936233
"405",Wales & Western,Western,HD,Western Central MDU,HD6,TME Bristol,HD6070,TSM Bristol QAR,HD607074,121353.21716197,410772090.835189
"406",,,,,,,,E W and S RAILWAY,DE,1342.66641438182,10118.6800021167
"407",,,,,,,,NON NETWORK RAIL SOU,XF,1777.31439559585,19237.3233341248
"408",Wales & Western,Western,HD,Western West MDU,HD8,TME Westbury,HD8077,TSM Newbury,HD807787,237374.847291837,1439548596.17522
"409",,,,,,,,NON NETWORK RAIL LNWN,XG,1117.64171728459,41940.3312128819
"410",,,,,,,,NON NETWORK RAIL LNWS,XC,139.033281167845,286.363310533349
"411",,,,,,,,NON NETWORK RAIL LNWS,XC,1760.94906373611,24546.8895898962
"412",,,,,,,,NON NETWORK RAIL LNWS,XC,2082.50097936368,70749.7392345773
"413",,,,,,,,NON NETWORK RAIL LNWS,XC,1230.9673114631,57916.3482707726
"414",North West & Central,LNW North,HR,Manchester MDU - HR5,HR5,TME Manchester East,HR5003,TSM Chinley,HR500301,161797.184881127,742393335.502661
"415",,,,,,,,NON NETWORK RAIL LNWN,XG,907.173797392,2325.00145468192
"416",,,,,,,,NON NETWORK RAIL LNWN,XG,538.908514160436,5004.1071744658
"417",North West & Central,LNW North,HR,Liverpool MDU - HR4,HR4,TME Warrington,HR4500,TSM Wigan,HR450051,114396.755924361,322529789.364048
"418",North West & Central,LNW North,HR,Manchester MDU - HR5,HR5,TME Manchester North,HR5001,TSM Bolton,HR500103,73225.6721783449,318448377.563114
"419",,,,,,,,MANCHESTER METROLINK,ZM,2292.84853830508,6048.66099233684
"420",,,,,,,,NON NETWORK RAIL LNWN,XG,2041.24110515245,106472.143629761
"421",North West & Central,LNW North,HR,Manchester MDU - HR5,HR5,TME Manchester East,HR5003,TSM Guide Bridge,HR500302,95586.581684163,441054342.83442
"422",,,,,,,,NON NETWORK RAIL LNWN,XG,969.561841295845,26036.9529526853
"423",Eastern,North and East,HF,Middlesbrough MDU - HF1,HF1,TME Middlesbrough,HF1067,TSM Heaton,HF106731,474892.163743426,5139896704.47545
"424",,,,,,,,NON NETWORK RAIL SCZ,XK,2243.62052889065,33639.062139863
"425",,,,,,,,NON NETWORK RAIL SCZ,XK,733.486931776234,3125.11080667468
"426",,,,,,,,NON NETWORK RAIL SOU,XF,4340.21190616104,88992.2113662035
"427",,,,,,,,E W and S RAILWAY,DE,4449.21962857328,51644.0979638328
"428",,,,,,,,NON NETWORK RAIL WEST,XD,228.702097556099,346.885348363677
"429",,,,,,,,E W and S RAILWAY,DE,2771.1175931295,41307.7335548948
"430",Eastern,East Midlands,HM,Bedford MDU,HM8,TME Bedford,HM8081,TSM Kettering,HM808121,208971.706846808,2101068496.97522
"431",Eastern,East Midlands,HM,Bedford MDU,HM8,TME Luton,HM8085,TSM Luton,HM808513,112846.796273993,498566940.909899
"432",,,,,,,,NON NETWORK RAIL EMID,XZ,947.055025587375,26410.7455553702
"433",,,,,,,,NON NETWORK RAIL EMID,XZ,283.514887884517,273.23610081011
"434",,,,,,,,NON NETWORK RAIL EMID,XZ,1646.04407989653,70116.7302754019
"435",,,,,,,,NON NETWORK RAIL EMID,XZ,805.699199906254,923.363245840838
"436",,,,,,,,NON NETWORK RAIL EMID,XZ,1904.31680158327,9709.26848727769
"437",,,,,,,,NON NETWORK RAIL NE,XB,13527.4248281935,83451.8365174205
"438",,,,,,,,NON NETWORK RAIL EMID,XZ,44863.8452870199,321850.114053415
"439",,,,,,,,NON NETWORK RAIL EMID,XZ,643.479205166446,2743.22804343623
"440",,,,,,,,NON NETWORK RAIL NE,XB,813.676023885834,4374.68373907826
"441",,,,,,,,NON NETWORK RAIL NE,XB,3740.85028234616,119387.933136423
"442",,,,,,,,NON NETWORK RAIL EC,XE,1358.55550822701,10235.1635600455
"443",Eastern,North and East,HF,Leeds MDU - HF6,HF6,TME Wakefield,HF6067,TSM Wakefield,HF606772,103684.400150076,97061010.2361442
"444",,,,,,,,NON NETWORK RAIL NE,XB,1602.86335514844,45313.9962127926
"445",,,,,,,,NON NETWORK RAIL NE,XB,792.503704261487,5300.20268460616
"446",,,,,,,,NON NETWORK RAIL NE,XB,4886.67706307324,733033.829807416
"447",,,,,,,,NON NETWORK RAIL NE,XB,2224.21924044966,18378.962094716
"448",,,,,,,,NON NETWORK RAIL NE,XB,13233.5088493732,1224713.26173312
"449",,,,,,,,NON NETWORK RAIL NE,XB,1906.81607137849,54184.7192199121
"450",Eastern,North and East,HF,Middlesbrough MDU - HF1,HF1,TME Middlesbrough,HF1067,TSM Middlesbro East,HF106733,231602.944143379,1131115771.22292
"451",,,,,,,,NON NETWORK RAIL EC,XE,2104.99251539453,40872.4196274537
"452",,,,,,,,NON NETWORK RAIL NE,XB,9580.00712203708,153682.328099211
"453",Southern,Sussex,HU,Brighton MDU,HU4,TME Brighton South,HU4053,TSM Brighton,HU405308,214948.169581412,992840592.737705
"454",,,,,,,,NON NETWORK RAIL LNWS,XC,137.193626482267,176.721083987069
"455",Wales & Western,Western,HD,Western East MDU,HD7,TME West Ealing,HD7074,TSM West Ealing,HD707482,1419.10790568791,24136.7095515215
"456",,,,,,,,NON NETWORK RAIL SOU,XF,1683.53312993219,13656.4682305776
"457",,,,,,,,NON NETWORK RAIL SOU,XF,602.409174663421,1607.13439599477
"458",North West & Central,LNW South,HS,Euston MDU - HS9,HS9,TME Euston,HS9001,TSM Euston,HS900101,25335.3450183722,7180731.48939706
"459",,,,,,,,NON NETWORK RAIL SOU,XF,1507.62045674046,13367.6139671399
"460",,,,,,,,NON NETWORK RAIL ANG,XH,4443.66247409043,175736.963595055
"461",,,,,,,,SE TRAINS,HK699903,1478.40449177639,14836.6189934352
"462",,,,,,,,NON NETWORK RAIL SOU,XF,811.980340647475,19740.6621246841
"463",,,,,,,,NON NETWORK RAIL ANG,XH,1826.55182639226,19521.0251942464
"464",,,,,,,,NON NETWORK RAIL ANG,XH,103.856303824287,78.2583116609801
"465",Southern,High Speed 1,ZA,HS1,,HS1,,HS1,ZA,28.6988476330286,40.9226561493191
"466",,,,,,,,NON NETWORK RAIL SOU,XF,4137.64859992676,29287.9002317449
"467",Southern,Kent,HK,Ashford MDU,HK6,TME Faversham,HK6045,Ashford MDU - HK6,HK6,815.789903427789,4750.22636576739
"468",,,,,,,,NON NETWORK RAIL SOU,XF,405.542607632117,2326.00952322557
"469",Southern,Channel Tunnel Rail Link,QQ,CTRL,,CTRL,,CTRL,QQ,231924.278719979,2024427.3504187
"470",,,,,,,,NON NETWORK RAIL EC,XE,1060.02366649518,11850.3764971449
"471",Eastern,East Coast,HE,Kings Cross MDU - HE4,HE4,TME Hitchin,HE4021,TSM Hitchin,HE402112,154141.198019866,343235395.587241
"472",,,,,,,,NON NETWORK RAIL ANG,XH,953.455487049385,5314.02401083403
"473",,,,,,,,NON NETWORK RAIL EC,XE,992.575515701033,5630.16473843041
"474",,,,,,,,NON NETWORK RAIL ANG,XH,1643.69136558285,8080.73252566687
"475",,,,,,,,NON NETWORK RAIL NE,XB,3894.78619533331,66207.7491506613
"476",,,,,,,,NON NETWORK RAIL NE,XB,289.308421180426,262.424277831243
"477",,,,,,,,NON NETWORK RAIL NE,XB,622.238741861744,3009.20093988137
"478",,,,,,,,NON NETWORK RAIL ANG,XH,812.240973862139,2435.69428100265
"479",,,,,,,,NON NETWORK RAIL WEST,XD,485.34534406586,1643.93517514457
"480",Wales & Western,Wales,HC,Cardiff MDU,HC6,TME Swansea,HC6030,TSM Haverfordwest,HC603016,794282.604055801,2797827563.22746
"481",,,,,,,,NON NETWORK RAIL SCZ,XK,947.98206138032,3850.44562024957
"482",Scotland,Scotland,HL,Motherwell MDU,HL4,TME Irvine,HL4004,TSM Irvine,HL400404,200181.864698595,308773535.096094
"483",Scotland,Scotland,HL,Glasgow MDU,HL5,TME Glasgow,HL5003,TSM Crianlarich,HL500303,1246634.45828932,5860622925.2974
"484",Scotland,Scotland,HL,Glasgow MDU,HL5,TME Glasgow East,HL5005,TSM Dumbarton,HL500504,143482.320132047,693008537.90293
"485",,,,,,,,NON NETWORK RAIL WEST,XD,994.261394354116,16959.0812447455
"486",,,,,,,,NON NETWORK RAIL WEST,XD,2010.83386903776,8673.87637656147
"487",,,,,,,,NON NETWORK RAIL WAL,XU,14282.5624704632,14269.1087117206
"488",,,,,,,,NON NETWORK RAIL WAL,XU,2200.23434317467,132655.881869755
"489",,,,,,,,NON NETWORK RAIL WEST,XD,74523.5176952016,4794795.6964777
"490",,,,,,,,NON NETWORK RAIL WAL,XU,1138.22492395851,2028.54582773896
"491",North West & Central,LNW North,HR,Lanc&Cumbria MDU-HR1,HR1,TME Appleby,HR1400,TSM Cumbrian Coast,HR140020,314735.766242786,1817156944.92248
"492",,,,,,,,NON NETWORK RAIL LNWN,XG,1002.17237453712,1002.32665916988
"493",North West & Central,LNW North,HR,Lanc&Cumbria MDU-HR1,HR1,TME Carlisle,HR1500,TSM Carlisle,HR150010,388465.700266568,1946130068.25686
"494",,,,,,,,NON NETWORK RAIL SCZ,XK,1085.50931004012,8633.60462871097
"495",Scotland,Scotland,HL,Glasgow MDU,HL5,TME Central(Glasgow),HL5006,TSM Glasgow South,HL500603,78332.414264791,280513076.932475
"496",,,,,,,,NON NETWORK RAIL SCZ,XK,2595.37977774461,49229.1597430827
"497",,,,,,,,NON NETWORK RAIL SCZ,XK,835.914190779764,1964.44487373049
"498",,,,,,,,NON NETWORK RAIL SCZ,XK,793.936932704226,12361.5225286734
"499",,,,,,,,NON NETWORK RAIL SCZ,XK,3417.80725745146,179357.743929844
"500",Scotland,Scotland,HL,Glasgow MDU,HL5,TME Glasgow East,HL5005,TSM Glasgow West,HL500505,67722.3215571497,57532300.2040145
"501",,,,,,,,NON NETWORK RAIL SCZ,XK,760.780484273306,1024.71448065631
"502",,,,,,,,NON NETWORK RAIL SCZ,XK,1600.7750287987,1587.24274463365
"503",,,,,,,,NON NETWORK RAIL SCZ,XK,383.222806848702,635.488549491983
"504",,,,,,,,NON NETWORK RAIL SCZ,XK,20648.6257791058,303205.485323701
"505",,,,,,,,NON NETWORK RAIL SCZ,XK,282.758724730707,257.458586891739
"506",,,,,,,,NON NETWORK RAIL SCZ,XK,359.068527845537,343.582008610985
"507",,,,,,,,NON NETWORK RAIL WAL,XU,1653.81933738431,14980.6297351563
"508",,,,,,,,E W and S RAILWAY,DE,859.071521502401,18263.3263450681
"509",,,,,,,,E W and S RAILWAY,DE,1301.75698109089,5780.93046927834
"510",,,,,,,,NON NETWORK RAIL WEST,XD,488.175967233603,2185.74741877443
"511",Wales & Western,Western,HD,Western Central MDU,HD6,TME Bristol,HD6070,TSM Gloucester,HD607075,396725.254453878,3021865179.09093
"512",North West & Central,LNW South,HS,Saltley MDU - HS6,HS6,TME Banbury,HS6010,TSM Banbury,HS601008,308527.20254574,1922216106.76904
"513",,,,,,,,NON NETWORK RAIL LNWN,XG,1824.83427854105,48121.6464440749
"514",,,,,,,,NON NETWORK RAIL LNWN,XG,940.726740531853,7261.80898929957
"515",North West & Central,LNW North,HR,Liverpool MDU - HR4,HR4,TME Crewe,HR4100,TSM Crewe North,HR410010,85105.7224993856,106361793.88709
"516",,,,,,,,NON NETWORK RAIL LNWS,XC,1763.41088045168,7657.69954196833
"517",,,,,,,,NON NETWORK RAIL LNWS,XC,4477.22936408575,40068.1153244479
"518",North West & Central,LNW South,HS,Stafford MDU - HS0,HS0,TME Stafford,HS0003,TSM Stoke,HS000303,297026.36949092,886973719.657537
"519",North West & Central,LNW South,HS,Stafford MDU - HS0,HS0,TME Nuneaton,HS0004,TSM Nuneaton,HS000401,162691.999933677,284591014.78072
"520",Eastern,East Midlands,HM,Derby MDU,HM9,TME Derby,HM9083,TSM Derby,HM908332,161122.443427946,937530232.741745
"521",,,,,,,,NON NETWORK RAIL LNWN,XG,2445.24803664886,13909.2892192239
"522",,,,,,,,NON NETWORK RAIL LNWN,XG,2947.30513194354,65767.8436099898
"523",,,,,,,,NON NETWORK RAIL LNWN,XG,861.093887324318,16314.0387787792
"524",,,,,,,,NON NETWORK RAIL LNWN,XG,1698.61383568277,25653.6574439151
"525",North West & Central,LNW North,HR,Manchester MDU - HR5,HR5,TME Manchester East,HR5003,TSM Guide Bridge,HR500302,24740.9393357884,5496499.5099689
"526",North West & Central,LNW North,HR,Lanc&Cumbria MDU-HR1,HR1,TME Appleby,HR1400,TSM Appleby,HR140040,343089.824741402,2782454710.95832
"527",,,,,,,,NON NETWORK RAIL LNWN,XG,2016.88787068291,28697.752738228
"528",,,,,,,,NON NETWORK RAIL NE,XB,964.440145888056,4971.28613439724
"529",Eastern,East Coast,HE,Newcastle MDU - HE8,HE8,TME Morpeth,HE8068,TSM Morpeth,HE806852,352463.126649751,870601996.792355
"530",,,,,,,,NON NETWORK RAIL SCZ,XK,4120.61174874779,12295.2544134366
"531",,,,,,,,NON NETWORK RAIL SCZ,XK,18905.6676691641,23412.7859948819
"532",,,,,,,,NON NETWORK RAIL SCZ,XK,436.930264164252,420.377582832025
"533",,,,,,,,NON NETWORK RAIL SCZ,XK,317.320541404156,293.285248298481
"534",,,,,,,,NON NETWORK RAIL SCZ,XK,748.410640038922,865.414463606116
"535",,,,,,,,E W and S RAILWAY,DE,1063.64531081623,34338.6058252947
"536",,,,,,,,NON NETWORK RAIL SCZ,XK,611.36719305829,1082.394106223
"537",,,,,,,,NON NETWORK RAIL SOU,XF,168612.092910424,380768233.334098
"538",,,,,,,,E W and S RAILWAY,DE,124.877990868635,395.728539442333
"539",,,,,,,,NON NETWORK RAIL SOU,XF,2460.39344299628,351964.071291724
"540",Southern,Wessex,HW,Wessex Outer MDU,HW4,TME Eastleigh,HW4085,TSM Eastleigh,HW408551,132964.043237217,810749352.474569
"541",,,,,,,,NON NETWORK RAIL WEST,XD,430.966054865872,986.897921417629
"542",,,,,,,,NON NETWORK RAIL SOU,XF,602.127393890636,581.41877004715
"543",,,,,,,,NON NETWORK RAIL SOU,XF,871.797430445046,4837.802771661
"544",North West & Central,LNW South,HS,Saltley MDU - HS6,HS6,TME Banbury,HS6010,TSM High Wycombe,HS601009,268663.504193028,700235722.802609
"545",,,,,,,,NON NETWORK RAIL EMID,XZ,186.29633307681,124.114955952088
"546",,,,,,,,NON NETWORK RAIL EMID,XZ,422.606689451496,2080.60250308919
"547",Eastern,East Midlands,HM,Derby MDU,HM9,TME Nottingham,HM9084,Derby MDU - HM9,HM9,21102.765002613,375699.266765124
"548",,,,,,,,NON NETWORK RAIL EMID,XZ,345.911803236437,346.570846334263
"549",Eastern,North and East,HF,Sheffield MDU - HF4,HF4,TME Sheffield,HF4024,TSM Retford,HF402442,367439.738593578,1465201353.85404
"550",,,,,,,,NON NETWORK RAIL NE,XB,1184.08844679252,8311.30565304208
"551",,,,,,,,NON NETWORK RAIL NE,XB,937.031837039426,24589.897785712
"552",,,,,,,,NON NETWORK RAIL NE,XB,1476.27825216679,20361.9558255046
"553",,,,,,,,NON NETWORK RAIL NE,XB,144.856348629866,165.51271828792
"554",,,,,,,,NON NETWORK RAIL NE,XB,1900.72519833508,7790.44741770313
"555",,,,,,,,NON NETWORK RAIL NE,XB,1324.33001925375,12301.7284909827
"556",,,,,,,,NON NETWORK RAIL EC,XE,3178.62540942632,209549.042026563
"557",,,,,,,,NON NETWORK RAIL NE,XB,3890.09091265675,155690.528626266
"558",,,,,,,,NON NETWORK RAIL EC,XE,623.221819334729,618.69677568688
"559",,,,,,,,NON NETWORK RAIL EC,XE,90.1491414005563,429.150729055542
"560",,,,,,,,NON NETWORK RAIL EC,XE,492.165684481504,398.216555985965
"561",,,,,,,,NON NETWORK RAIL EC,XE,2564.51967174825,102587.741686982
"562",,,,,,,,NON NETWORK RAIL WEST,XD,971.136156809188,12442.8458622503
"563",,,,,,,,NON NETWORK RAIL LNWS,XC,2064.9100661124,13909.7496376464
"564",Eastern,East Midlands,HM,Bedford MDU,HM8,TME Luton,HM8085,TME Bedford,HM8081,2238.53854753556,31819.6120579116
"565",,,,,,,,NON NETWORK RAIL SOU,XF,3921.84268104163,108129.227559367
"566",,,,,,,,NON NETWORK RAIL SOU,XF,3173.82654370364,26150.327011123
"567",Eastern,East Coast,HE,Kings Cross MDU - HE4,HE4,TME Finsbury Park,HE4020,TSM Finsbury Park,HE402011,75520.7930908272,97909021.5975277
"568",Southern,Sussex,HU,Croydon MDU,HU3,TME Croydon North,HU3050,TSM Croydon,HU305002,73212.5226623015,137155796.998668
"569",Southern,Sussex,HU,Croydon MDU,HU3,TME Croydon South,HU3051,TSM Norwood,HU305103,165515.697239385,286829950.820115
"570",Southern,Kent,HK,Lon Bridge MDU,HK4,TME Hither Green,HK4034,TSM Hither Green,HK403404,66333.0071989638,65216638.8876797
"571",,,,,,,,NON NETWORK RAIL SOU,XF,1574.09139506569,31077.6789852767
"572",Southern,Kent,HK,Ashford MDU,HK6,TME Ashford,HK6030,Ashford MDU - HK6,HK6,1378.20520395335,7659.24804351899
"573",Southern,Kent,HK,Ashford MDU,HK6,TME Ashford,HK6030,TSM Ashford,HK603014,290.926065858064,431.704246316448
"574",Southern,Kent,HK,Ashford MDU,HK6,TME Ashford,HK6030,TSM Ashford,HK603014,286205.242640883,1150447909.00824
"575",,,,,,,,NON NETWORK RAIL EC,XE,4031.40865125273,34890.3914118756
"576",,,,,,,,NON NETWORK RAIL ANG,XH,1373.74531905405,20921.9356211917
"577",,,,,,,,NON NETWORK RAIL ANG,XH,1588.60581239123,17909.0527781437
"578",,,,,,,,NON NETWORK RAIL ANG,XH,1055.59701190917,6080.96186443335
"579",Eastern,Anglia,HT,Ipswich MDU,HT7,TME Norwich,HT7003,TSM Norwich,HT700350,329927.029322591,2420792490.51867
"580",,,,,,,,NON NETWORK RAIL EC,XE,840.706908350161,10061.102083191
"581",,,,,,,,NON NETWORK RAIL ANG,XH,498.458776668629,2383.17690221039
"582",,,,,,,,NON NETWORK RAIL NE,XB,5116.26179951683,101357.894034861
"583",,,,,,,,NON NETWORK RAIL NE,XB,3905.21868416096,12646.6266563323
"584",,,,,,,,NON NETWORK RAIL NE,XB,7219.31614573606,127831.576515875
"585",,,,,,,,NON NETWORK RAIL ANG,XH,124.692224102289,72.8883000780231
"586",,,,,,,,NON NETWORK RAIL ANG,XH,553.177948017133,7742.58889201731
"587",,,,,,,,NON NETWORK RAIL ANG,XH,839.204716722513,6859.18858261655
"588",Wales & Western,Wales,HC,Shrewsbury MDU,HC7,TME Shrewsbury,HC7056,TSM Llandudno,HC705622,666265.823181997,4487706035.87684
"589",,,,,,,,NON NETWORK RAIL WAL,XU,1541.3065014752,14994.012278898
"590",,,,,,,,NON NETWORK RAIL SCZ,XK,8514.57057493133,10333.5205287378
"591",,,,,,,,NON NETWORK RAIL SCZ,XK,341.7689813645,620.151456391037
"592",,,,,,,,E W and S RAILWAY,DE,2136.53639262514,30490.6782058862
"593",,,,,,,,NON NETWORK RAIL WEST,XD,514.315344856411,2641.51036078277
"594",,,,,,,,NON NETWORK RAIL WAL,XU,5023.01564492552,24461.0746802804
"595",Wales & Western,Wales,HC,Cardiff MDU,HC6,TME Cardiff,HC6024,TSM Cardiff,HC602406,183895.266252631,440129399.618816
"596",,,,,,,,NON NETWORK RAIL WAL,XU,119.335322260066,174.185446047952
"597",,,,,,,,NON NETWORK RAIL SCZ,XK,1155.93983468768,25162.2748730991
"598",,,,,,,,NON NETWORK RAIL SCZ,XK,543.051985750738,949.872262004696
"599",,,,,,,,NON NETWORK RAIL SCZ,XK,725.773159057926,11171.5435146375
"600",,,,,,,,NON NETWORK RAIL SCZ,XK,268.097346859231,346.472267957604
"601",,,,,,,,NON NETWORK RAIL SCZ,XK,187.743462658437,1033.22661371593
"602",Scotland,Scotland,HL,Motherwell MDU,HL4,TME Motherwell,HL4005,TSM Motherwell,HL400501,108318.826414019,278884897.055894
"603",,,,,,,,NON NETWORK RAIL SCZ,XK,207.028637553833,192.415465427864
"604",,,,,,,,NON NETWORK RAIL SCZ,XK,252.122207850807,249.462107380465
"605",,,,,,,,NON NETWORK RAIL SCZ,XK,185.796685957196,362.757086124373
"606",,,,,,,,NON NETWORK RAIL SCZ,XK,6023.83781790212,34769.9862616401
"607",Scotland,Scotland,HL,Perth MDU,HL2,TME Perth,HL2001,TSM Perth,HL200101,326818.287872693,3559624571.2809
"608",Scotland,Scotland,HL,Edinburgh MDU,HL3,TME Inverkeithing,HL3002,TSM Inverkeithing,HL300201,318042.225595211,1513039188.84588
"609",,,,,,,,E W and S RAILWAY,DE,1796.43625815055,21877.0637359724
"610",Southern,Wessex,HW,Wessex Outer MDU,HW4,TME Bournemouth,HW4087,TSM Bournemouth,HW408752,453753.160242422,1660362804.01821
"611",,,,,,,,NON NETWORK RAIL WEST,XD,1234.36808633776,25527.9252641721
"612",,,,,,,,E W and S RAILWAY,DE,1903.06248079492,18528.4413547508
"613",,,,,,,,NON NETWORK RAIL WAL,XU,33.5018678405016,64.6561609452963
"614",,,,,,,,NON NETWORK RAIL LNWS,XC,579.740272442877,1524.71149360413
"615",,,,,,,,NON NETWORK RAIL LNWS,XC,84.2664937805965,128.449180148549
"616",,,,,,,,NON NETWORK RAIL LNWN,XG,654.04315213105,770.550286740129
"617",,,,,,,,NON NETWORK RAIL LNWN,XG,2574.6762199023,45462.1062350878
"618",,,,,,,,NON NETWORK RAIL LNWN,XG,312.31607092167,289.315769715168
"619",,,,,,,,NON NETWORK RAIL LNWN,XG,1000.80635656546,5764.47907088261
"620",North West & Central,LNW North,HR,Lanc&Cumbria MDU-HR1,HR1,TME Preston,HR1100,TSM Kirkham,HR110015,45155.0390698612,116108362.429679
"621",,,,,,,,NON NETWORK RAIL LNWN,XG,546.224211655944,1653.04202829755
"622",,,,,,,,NON NETWORK RAIL LNWN,XG,739.907050954501,6893.63317896241
"623",,,,,,,,NON NETWORK RAIL LNWN,XG,1058.91872776008,2504.95900230243
"624",,,,,,,,NON NETWORK RAIL SCZ,XK,926.670986044735,5368.3862217961
"625",,,,,,,,NON NETWORK RAIL SCZ,XK,211.725757682578,378.678635753993
"626",,,,,,,,NON NETWORK RAIL SCZ,XK,545.267814351527,2511.14498822957
"627",,,,,,,,NON NETWORK RAIL SCZ,XK,67.9119912932143,54.7322142340773
"628",,,,,,,,E W and S RAILWAY,DE,477.106981907098,5495.69116924565
"629",,,,,,,,NON NETWORK RAIL SCZ,XK,1324.35571249352,27777.9981341278
"630",,,,,,,,NON NETWORK RAIL SCZ,XK,1113.46312942942,4443.78787447668
"631",,,,,,,,NON NETWORK RAIL SCZ,XK,239.112519398108,254.632422143917
"632",,,,,,,,NON NETWORK RAIL WEST,XD,1077.06470811457,9140.49204204597
"633",Southern,Wessex,HW,Wessex Outer MDU,HW4,TME Basingstoke,HW4084,TSM Basingstoke,HW408432,136023.71110418,488457049.435334
"634",,,,,,,,L.U.L.,XL,51800.4887176218,156290.647630565
"635",Southern,Wessex,HW,Wessex Inner MDU,HW2,TME Woking,HW2082,TSM Woking,HW208231,67804.3621860691,181226697.257912
"636",Southern,Sussex,HU,Brighton MDU,HU4,TME Brighton North,HU4052,TSM Horsham,HU405206,169198.546680272,786448608.9179
"637",,,,,,,,NON NETWORK RAIL WEST,XD,6310.14642684245,193945.495530288
"638",,,,,,,,NON NETWORK RAIL EMID,XZ,951.341406345356,31036.2047766802
"639",,,,,,,,NON NETWORK RAIL EMID,XZ,1457.90321212712,9733.56426673825
"640",,,,,,,,NON NETWORK RAIL EMID,XZ,809.195443015826,3215.50083304487
"641",,,,,,,,NON NETWORK RAIL EMID,XZ,1724.03728150525,25231.9161978712
"642",,,,,,,,NON NETWORK RAIL LNWS,XC,1061.34134439512,1055.89407982117
"643",,,,,,,,NON NETWORK RAIL EMID,XZ,1270.80151155171,4126.13604037189
"644",,,,,,,,B.R.B. H.Q. (RA00),C,716.547859566963,844.846283161031
"645",,,,,,,,NON NETWORK RAIL EMID,XZ,1015.09900346249,1284.22732913856
"646",Eastern,East Midlands,HM,Derby MDU,HM9,TME Nottingham,HM9084,TSM Nottingham,HM908442,147346.7770056,702004355.140316
"647",,,,,,,,NON NETWORK RAIL NE,XB,2543.71674480526,29112.5504668397
"648",,,,,,,,NON NETWORK RAIL NE,XB,335.703564030005,4118.52326735182
"649",,,,,,,,NON NETWORK RAIL NE,XB,3848.91911180887,63847.2645057411
"650",,,,,,,,NON NETWORK RAIL NE,XB,1720.95774629773,24552.4065029009
"651",,,,,,,,NON NETWORK RAIL NE,XB,2624.10551389153,40202.1144980472
"652",,,,,,,,NON NETWORK RAIL NE,XB,58.4080545041818,156.051722870532
"653",,,,,,,,NON NETWORK RAIL EC,XE,268.675577845889,982.908458046596
"654",,,,,,,,NON NETWORK RAIL NE,XB,1338.12133191288,20581.8315523493
"655",,,,,,,,NON NETWORK RAIL NE,XB,2090.13217779764,5458.97497591927
"656",,,,,,,,NON NETWORK RAIL NE,XB,727.491244778427,2995.23401538173
"657",,,,,,,,NON NETWORK RAIL NE,XB,1304.04889479602,9534.31023627783
"658",,,,,,,,NON NETWORK RAIL NE,XB,2189.93851350959,54369.6755585529
"659",,,,,,,,NON NETWORK RAIL EC,XE,657.353820374198,622.216557468046
"660",,,,,,,,NON NETWORK RAIL NE,XB,1465.8222257107,15518.261194655
"661",,,,,,,,NON NETWORK RAIL NE,XB,1073.44300917888,9105.87011100031
"662",,,,,,,,E W and S RAILWAY,DE,2504.98668696846,5869.84154051187
"663",,,,,,,,NON NETWORK RAIL WEST,XD,93.3027601799745,84.4436529835038
"664",,,,,,,,NON NETWORK RAIL LNWS,XC,730.00905741646,4816.83120903859
"665",,,,,,,,NON NETWORK RAIL SOU,XF,732.456104301815,6651.81226461029
"666",,,,,,,,NON NETWORK RAIL SOU,XF,1247.92315305322,4855.50489402609
"667",,,,,,,,NON NETWORK RAIL SOU,XF,1532.82471958931,43047.0317078381
"668",Southern,Wessex,HW,Wessex Inner MDU,HW2,TME Clapham,HW2081,TSM Clapham,HW208111,46133.9085055505,42863052.3593003
"669",,,,,,,,NON NETWORK RAIL SOU,XF,1425.16262387084,17746.4556505925
"670",Southern,Kent,HK,Orpington MDU,HK5,TME Orpington,HK5028,TSM Herne Hill,HK502802,72983.2736590221,39675247.8844603
"671",,,,,,,,NON NETWORK RAIL SOU,XF,2028.57622317357,33740.7319866709
"672",,,,,,,,SE TRAINS,HK699903,707.198198433702,7809.69336151909
"673",,,,,,,,NON NETWORK RAIL ANG,XH,733.312907623509,4394.5166237939
"674",,,,,,,,NON NETWORK RAIL ANG,XH,1538.58660672517,7604.34203993154
"675",Eastern,Anglia,HT,Tottenham MDU,HT8,TME Tottenham,HT8036,TSM Tottenham Hale,HT803616,140555.491210761,329393967.981306
"676",Eastern,Anglia,HT,Romford MDU,HT6,TME Barking,HT6037,TSM Barking,HT603702,179056.736443831,146718632.875696
"677",,,,,,,,NON NETWORK RAIL EC,XE,72.9864559848903,197.725885274415
"678",Eastern,Anglia,HT,Tottenham MDU,HT8,TME Ely,HT8035,TSM March,HT803501,528906.105989997,4620468142.97046
"679",Eastern,Anglia,HT,Ipswich MDU,HT7,TME Ipswich,HT7002,TSM Colchester,HT700230,507883.399759977,1716981522.69948
"680",,,,,,,,NON NETWORK RAIL ANG,XH,230.045955907558,991.806432103989
"681",,,,,,,,NON NETWORK RAIL NE,XB,3747.09467052458,50423.0699073499
"682",,,,,,,,NON NETWORK RAIL NE,XB,3466.95239863387,10050.6999029836
"683",,,,,,,,NON NETWORK RAIL WEST,XD,1601.53880098488,19200.1962522882
"684",,,,,,,,NON NETWORK RAIL WAL,XU,2235.98099566374,2237.60014432324
"685",Wales & Western,Wales,HC,Shrewsbury MDU,HC7,TME Hereford,HC7055,TSM Llandrindod,HC705513,369933.322671166,5142889544.06251
"686",Scotland,Scotland,HL,Motherwell MDU,HL4,TME Irvine,HL4004,TSM Maybole,HL400402,594843.282478073,3822348148.58551
"687",,,,,,,,NON NETWORK RAIL SCZ,XK,286.723623714248,269.192584815624
"688",,,,,,,,NON NETWORK RAIL SCZ,XK,58.165363712691,46.9305908491152
"689",,,,,,,,NON NETWORK RAIL SCZ,XK,2733.88139888457,15974.7838676862
"690",,,,,,,,NON NETWORK RAIL WEST,XD,58.3073215836692,101.994066198314
"691",,,,,,,,NON NETWORK RAIL WAL,XU,939.666101453505,10168.7628724877
"692",,,,,,,,NON NETWORK RAIL WAL,XU,4871.96615328889,101684.469301166
"693",,,,,,,,NON NETWORK RAIL WAL,XU,1108.83294761854,25401.1870647748
"694",,,,,,,,NON NETWORK RAIL WAL,XU,988.177905843322,2061.13187177108
"695",,,,,,,,NON NETWORK RAIL WAL,XU,2852.49634989733,3323.56620716701
"696",,,,,,,,NON NETWORK RAIL WAL,XU,1023.09226641125,4930.91979149183
"697",North West & Central,LNW North,HR,Liverpool MDU - HR4,HR4,TME Liverpool,HR4200,TSM Chester,HR420021,370154.694228047,978943528.118516
"698",,,,,,,,NON NETWORK RAIL WAL,XU,2163.67056126819,10589.4979368465
"699",,,,,,,,NON NETWORK RAIL WAL,XU,375.720396860888,2693.69562575653
"700",,,,,,,,NON NETWORK RAIL SCZ,XK,80.6001795394057,107.182120124043
"701",,,,,,,,NON NETWORK RAIL SCZ,XK,408.326430154229,680.512582300101
"702",,,,,,,,NON NETWORK RAIL SCZ,XK,803.497720274857,798.005911557846
"703",,,,,,,,NON NETWORK RAIL SCZ,XK,2885.10752211996,13126.235585692
"704",,,,,,,,NON NETWORK RAIL SCZ,XK,849.087931361992,10482.273170236
"705",,,,,,,,NON NETWORK RAIL SCZ,XK,195.802203002231,164.672064107182
"706",,,,,,,,NON NETWORK RAIL SCZ,XK,2769.47447089995,12754.146268037
"707",Scotland,Scotland,HL,Glasgow MDU,HL5,TME Glasgow East,HL5005,TSM Glasgow East,HL500501,84061.1331123862,321854668.772934
"708",,,,,,,,NON NETWORK RAIL SCZ,XK,1820.96343843153,16391.1364742097
"709",,,,,,,,NON NETWORK RAIL SCZ,XK,190.152442148168,150.653329690702
"710",Scotland,Scotland,HL,Edinburgh MDU,HL3,TME Inverkeithing,HL3002,TSM Stirling,HL300202,265375.597765871,882017039.24794
"711",,,,,,,,NON NETWORK RAIL SCZ,XK,303.187511188679,277.620638097076
"712",,,,,,,,NON NETWORK RAIL SOU,XF,2870.84201423936,60920.1953152411
"713",,,,,,,,NON NETWORK RAIL WEST,XD,1532.68447239945,19190.7071131655
"714",,,,,,,,NON NETWORK RAIL WEST,XD,1601.47129072752,38657.9908890331
"715",,,,,,,,NON NETWORK RAIL WEST,XD,1132.52757162144,31951.9476458197
"716",,,,,,,,NON NETWORK RAIL WEST,XD,1092.42786692195,4956.19785053832
"717",,,,,,,,NON NETWORK RAIL WEST,XD,758.03473186121,2023.58050503868
"718",North West & Central,LNW South,HS,S/wel& Dud MDU - HS7,HS7,TME Sandwell& Dudley,HS7012,TSM Coventry,HS701201,116818.772320422,322358608.603694
"719",North West & Central,LNW South,HS,Saltley MDU - HS6,HS6,TME Saltley,HS6011,TSM Stourbridge,HS601102,321154.553815539,1175692391.59977
"720",,,,,,,,NON NETWORK RAIL LNWN,XG,964.048474437031,18596.6951323576
"721",,,,,,,,NON NETWORK RAIL LNWS,XC,2524.0151465981,57542.1630965766
"722",,,,,,,,NON NETWORK RAIL LNWS,XC,1525.15706313043,33162.3666688803
"723",North West & Central,LNW South,HS,Stafford MDU - HS0,HS0,TME Stafford,HS0003,TSM Stafford,HS000302,184969.338230908,677432630.462233
"724",North West & Central,LNW South,HS,S/wel& Dud MDU - HS7,HS7,TME Sandwell& Dudley,HS7012,TSM Walsall,HS701202,137372.294455969,320464550.382944
"725",,,,,,,,NON NETWORK RAIL LNWN,XG,1152.50589452455,2274.82906290756
"726",,,,,,,,NON NETWORK RAIL LNWN,XG,4418.88522140376,7806.19855421524
"727",North West & Central,LNW North,HR,Liverpool MDU - HR4,HR4,TME Liverpool,HR4200,TSM Edge Hill,HR420022,126401.182022428,210560925.313268
"728",North West & Central,LNW North,HR,Lanc&Cumbria MDU-HR1,HR1,TME Preston,HR1100,TSM Preston,HR110010,145070.098203012,329960378.413098
"729",,,,,,,,NON NETWORK RAIL LNWN,XG,2112.75734908218,47250.9098128284
"730",,,,,,,,NON NETWORK RAIL LNWN,XG,1372.53344309677,21427.668987754
"731",,,,,,,,NON NETWORK RAIL LNWN,XG,596.218492201168,3826.02543106219
"732",,,,,,,,NON NETWORK RAIL LNWN,XG,1960.16352588705,13922.7370190431
"733",North West & Central,LNW North,HR,Lanc&Cumbria MDU-HR1,HR1,TME Carnforth,HR1300,TSM Carnforth,HR130032,358600.872065022,1638088032.90252
"734",,,,,,,,NON NETWORK RAIL LNWN,XG,3768.38137061316,196294.982029891
"735",,,,,,,,NON NETWORK RAIL LNWN,XG,849.89281858729,2975.7510557946
"736",,,,,,,,NON NETWORK RAIL LNWN,XG,1548.69291847608,51587.9543901279
"737",,,,,,,,NON NETWORK RAIL NE,XB,1737.4743688387,65131.54826378
"738",,,,,,,,NON NETWORK RAIL LNWN,XG,1734.67068603255,19249.2983990595
"739",,,,,,,,NON NETWORK RAIL LNWN,XG,611.951149601441,2272.40810493543
"740",,,,,,,,NON NETWORK RAIL LNWN,XG,343.424467782433,4272.06020907232
"741",,,,,,,,NON NETWORK RAIL LNWN,XG,459.055773722687,7134.51271807295
"742",,,,,,,,NON NETWORK RAIL LNWN,XG,650.083305773758,1244.4080847333
"743",Eastern,East Coast,HE,Darlington MDU - HE1,HE1,TME Darlington,HE1064,TSM Darlington,HE106442,336608.93592095,2177149625.80957
"744",,,,,,,,E W and S RAILWAY,DE,708.357292461912,4296.08121033887
"745",,,,,,,,NON NETWORK RAIL SCZ,XK,674.272038312548,749.012401365754
"746",,,,,,,,NON NETWORK RAIL SOU,XF,790.247104368782,5982.82014954974
"747",Wales & Western,Western,HD,Western East MDU,HD7,TME Reading,HD7073,TSM Reading,HD707379,172435.940229079,913417383.268613
"748",,,,,,,,NON NETWORK RAIL WEST,XD,2169.77218568877,10199.8140889148
"749",Wales & Western,Western,HD,Western East MDU,HD7,TME Reading,HD7073,TSM Slough,HD707380,110652.39973022,325542469.186046
"750",Southern,Wessex,HW,Wessex Inner MDU,HW2,TME Woking,HW2082,TSM Guildford,HW208241,239462.795663492,669388185.203544
"751",North West & Central,LNW South,HS,Euston MDU - HS9,HS9,TME Euston,HS9001,TSM Stonebridge Park,HS900102,86215.2649596047,34353118.3218332
"752",,,,,,,,NON NETWORK RAIL LNWS,XC,918.640470039516,9179.52071670195
"753",,,,,,,,NON NETWORK RAIL LNWS,XC,10869.3687036098,1146267.8661978
"754",,,,,,,,NON NETWORK RAIL EMID,XZ,711.653102792349,9042.80570440941
"755",,,,,,,,NON NETWORK RAIL EMID,XZ,1372.84987293523,17006.0861236276
"756",,,,,,,,NON NETWORK RAIL EMID,XZ,3660.85502698146,103831.067390293
"757",,,,,,,,NON NETWORK RAIL LNWS,XC,1226.73129224162,8108.98044595812
"758",,,,,,,,NON NETWORK RAIL EMID,XZ,106.300574962494,106.494293483655
"759",Eastern,East Coast,HE,Peterborough MDU - HE2,HE2,TME Peterborough,HE2022,TSM Peterborough Nth,HE202222,100958.358942698,135756091.277256
"760",,,,,,,,NON NETWORK RAIL EC,XE,93.0918159467363,323.602429630079
"761",,,,,,,,NON NETWORK RAIL NE,XB,667.960729422975,7849.43975077724
"762",,,,,,,,NON NETWORK RAIL NE,XB,480.515999037727,3159.40772464064
"763",Eastern,North and East,HF,Leeds MDU - HF6,HF6,TME Leeds,HF6061,TSM Leeds,HF606111,187532.967623298,382658863.751125
"764",,,,,,,,NON NETWORK RAIL EC,XE,1553.5514060526,29681.973978575
"765",,,,,,,,NON NETWORK RAIL EC,XE,556.236626928868,4281.26082284438
"766",,,,,,,,NON NETWORK RAIL EC,XE,1384.18913909361,23363.0927479502
"767",,,,,,,,NON NETWORK RAIL NE,XB,117.75926224775,303.349083710133
"768",Eastern,East Coast,HE,Doncaster MDU - HE3,HE3,TME Doncaster,HE3023,TSM Doncaster East,HE302333,145704.810627376,248781944.945316
"769",,,,,,,,NON NETWORK RAIL NE,XB,1552.19253885929,8507.86601472834
"770",Eastern,North and East,HF,York MDU - HF7,HF7,TME Knottingley,HF7062,TSM Knottingley East,HF706221,155573.204283992,623491536.000755
"771",,,,,,,,NON NETWORK RAIL NE,XB,940.706948762597,19137.3277007302
"772",,,,,,,,NON NETWORK RAIL NE,XB,1540.07392492667,17298.3192751696
"773",,,,,,,,NON NETWORK RAIL NE,XB,1557.14103438646,43345.0271183416
"774",,,,,,,,NON NETWORK RAIL NE,XB,1556.25331728453,36343.9139265252
"775",Eastern,North and East,HF,Sheffield MDU - HF4,HF4,TME Barnetby,HF4026,TSM Barnetby,HF402652,360181.149235246,1289538907.82925
"776",,,,,,,,NON NETWORK RAIL NE,XB,3800.90292620896,181047.918861004
"777",,,,,,,,NON NETWORK RAIL NE,XB,2537.31119203629,35137.1806488151
"778",,,,,,,,NON NETWORK RAIL NE,XB,421.655983289082,696.435992761538
"779",,,,,,,,NON NETWORK RAIL EC,XE,2938.06150620751,259446.785004681
"780",,,,,,,,NON NETWORK RAIL NE,XB,1929.0322230521,3208.32848707943
"781",,,,,,,,NON NETWORK RAIL SOU,XF,1380.29922733507,18753.92300201
"782",,,,,,,,E W and S RAILWAY,DE,414.041502369533,418.307645596497
"783",,,,,,,,NON NETWORK RAIL SOU,XF,935.699765311859,4217.53172278493
"784",Southern,Kent,HK,Orpington MDU,HK5,TME Orpington,HK5028,TSM NOT KENT NWR MTC,HK6999,330.596654053572,634.058065770769
"785",,,,,,,,NON NETWORK RAIL SOU,XF,1176.30583332784,6161.99423153724
"786",,,,,,,,NON NETWORK RAIL ANG,XH,372.389329077983,1809.62235590981
"787",Eastern,Anglia,HT,Romford MDU,HT6,TME Romford,HT6001,TSM Stratford,HT600110,66602.2654185441,115428861.372657
"788",,,,,,,,NON NETWORK RAIL ANG,XH,916.545551012219,5666.76795077536
"789",,,,,,,,NON NETWORK RAIL SOU,XF,145.247891235339,314.937578516132
"790",,,,,,,,NON NETWORK RAIL SOU,XF,570.490691776577,6215.69470832004
"791",,,,,,,,NON NETWORK RAIL SOU,XF,1015.95292849816,6882.67791203332
"792",,,,,,,,NON NETWORK RAIL SOU,XF,972.622714108079,9537.86838305796
"793",,,,,,,,E W and S RAILWAY,DE,1156.33842070357,40043.5103651409
"794",,,,,,,,NON NETWORK RAIL SOU,XF,619.846252469968,2861.25247386229
"795",Southern,Kent,HK,Ashford MDU,HK6,TME Ashford,HK6030,TSM Ashford,HK603014,178.105705891603,435.837017347501
"796",,,,,,,,NON NETWORK RAIL SOU,XF,1578.7145567128,9561.52541876063
"797",Eastern,Anglia,HT,Romford MDU,HT6,TME Romford,HT6001,TSM Shenfield,HT600120,378574.397639871,864427587.255965
"798",,,,,,,,NON NETWORK RAIL EC,XE,110.4408793839,133.466019978052
"799",,,,,,,,NON NETWORK RAIL EC,XE,2034.74930753638,37636.993092335
"800",,,,,,,,NON NETWORK RAIL ANG,XH,1255.69786088465,8400.71000163913
"801",,,,,,,,NON NETWORK RAIL ANG,XH,531.721073108083,4165.94007525393
"802",,,,,,,,NON NETWORK RAIL ANG,XH,256.077307800637,1176.50874546745
"803",,,,,,,,NON NETWORK RAIL ANG,XH,305.770028997618,932.573150429633
"804",,,,,,,,NON NETWORK RAIL NE,XB,13671.2942071209,570483.489521833
"805",,,,,,,,NON NETWORK RAIL WEST,XD,1436.43988001383,4318.08374840745
"806",,,,,,,,NON NETWORK RAIL WEST,XD,1520.73088842267,19906.6371892684
"807",,,,,,,,NON NETWORK RAIL WAL,XU,2019.83326608223,7137.9703651164
"808",,,,,,,,NON NETWORK RAIL SCZ,XK,540.037399738196,1889.80836417326
"809",,,,,,,,NON NETWORK RAIL WEST,XD,1837.34444366309,41519.2632439954
"810",,,,,,,,NON NETWORK RAIL WEST,XD,687.257744132342,9591.06189813706
"811",Wales & Western,Western,HD,Western West MDU,HD8,TME Exeter,HD8076,TSM Newton Abbot,HD807685,364318.309808294,1802308412.84846
"812",,,,,,,,NON NETWORK RAIL WAL,XU,982.73756288451,3353.48623663656
"813",,,,,,,,NON NETWORK RAIL WAL,XU,3667.69558634308,7081.06807362267
"814",,,,,,,,E W and S RAILWAY,DE,1876.14467236329,21331.0961538716
"815",,,,,,,,NON NETWORK RAIL WEST,XD,3990.35899611962,33076.0158036998
"816",Wales & Western,Wales,HC,Shrewsbury MDU,HC7,TME Hereford,HC7055,TSM Hereford,HC705503,359626.998637295,3302385082.26822
"817",,,,,,,,NON NETWORK RAIL SCZ,XK,1191.02491102772,17379.1021812186
"818",,,,,,,,NON NETWORK RAIL SCZ,XK,433.932716470993,3450.04172190295
"819",,,,,,,,NON NETWORK RAIL SCZ,XK,37332.4369772324,39004.0820136095
"820",Scotland,Scotland,HL,Motherwell MDU,HL4,TME Motherwell,HL4005,TSM Motherwell,HL400501,45970.9577032933,104310206.16638
"821",Scotland,Scotland,HL,Edinburgh MDU,HL3,TME Edinburgh,HL3003,TSM Portobello,HL300301,397495.331287793,3593001911.1596
"822",,,,,,,,NON NETWORK RAIL SCZ,XK,1423.96484800229,7324.69361640599
"823",Scotland,Scotland,HL,Glasgow MDU,HL5,TME Central(Glasgow),HL5006,TSM Central(Glasgow),HL500604,84463.2943574927,62823439.4502804
"824",,,,,,,,NON NETWORK RAIL SCZ,XK,1286.05738666622,28712.1467570456
"825",,,,,,,,NON NETWORK RAIL SCZ,XK,1431.36011565119,7374.35169795348
"826",,,,,,,,NON NETWORK RAIL SCZ,XK,1287.16683392377,19579.8557908846
"827",,,,,,,,NON NETWORK RAIL SCZ,XK,5569.69614260108,68997.9629326143
"828",,,,,,,,NON NETWORK RAIL SCZ,XK,123.634335193903,405.986022677814
"829",,,,,,,,NON NETWORK RAIL SCZ,XK,349.126629968905,321.12153560058
"830",,,,,,,,NON NETWORK RAIL SCZ,XK,1559.74177036502,3037.34875499302
"831",,,,,,,,NON NETWORK RAIL SCZ,XK,1320.43695072235,14567.7786265028
"832",,,,,,,,NON NETWORK RAIL SCZ,XK,394.048736091696,366.149553714465
"833",,,,,,,,NON NETWORK RAIL SCZ,XK,587.5409590278,9724.90145069377
"834",Wales & Western,Wales,HC,Cardiff MDU,HC6,TME Cardiff,HC6024,TSM Cardiff,HC602406,1492.02363374347,25441.270431549
"835",,,,,,,,NON NETWORK RAIL SOU,XF,517.161879285276,2248.9116070859
"836",,,,,,,,NON NETWORK RAIL WEST,XD,1345.7366767254,24624.5209014026
"837",Wales & Western,Western,HD,Western West MDU,HD8,TME Westbury,HD8077,TSM Westbury,HD807788,160038.628778062,738568286.884833
"838",,,,,,,,NON NETWORK RAIL WEST,XD,679.425719264412,5426.48159403612
"839",Southern,Wessex,HW,Wessex Outer MDU,HW4,TME Salisbury,HW4086,TSM Salisbury,HW408661,260466.798121887,1698348275.45599
"840",,,,,,,,NON NETWORK RAIL WAL,XU,115.416280547648,217.293670639965
"841",,,,,,,,NON NETWORK RAIL LNWS,XC,757.446909838839,9503.91375839926
"842",,,,,,,,NON NETWORK RAIL WAL,XU,6454.40487236981,66120.2760405132
"843",,,,,,,,NON NETWORK RAIL WAL,XU,2724.76640514647,43356.2226457001
"844",,,,,,,,NON NETWORK RAIL LNWN,XG,1511.95842586799,58762.4626483927
"845",,,,,,,,NON NETWORK RAIL LNWN,XG,626.092003646986,6723.71641166095
"846",,,,,,,,NON NETWORK RAIL LNWS,XC,1946.19395049113,6380.76312819753
"847",,,,,,,,NON NETWORK RAIL LNWS,XC,554.16337349419,1635.83469106963
"848",,,,,,,,NON NETWORK RAIL LNWN,XG,1359.92823333387,9871.39603959119
"849",,,,,,,,NON NETWORK RAIL LNWN,XG,1401.09912807419,25428.12353858
"850",,,,,,,,NON NETWORK RAIL LNWN,XG,573.592034673792,1534.18739577051
"851",,,,,,,,NON NETWORK RAIL LNWN,XG,1445.59155030879,6740.17675212736
"852",North West & Central,LNW North,HR,Lanc&Cumbria MDU-HR1,HR1,TME Preston,HR1100,TSM Kirkham,HR110015,278011.568997827,456124260.615803
"853",,,,,,,,NON NETWORK RAIL LNWN,XG,1856.28956133771,13322.5319647378
"854",,,,,,,,NON NETWORK RAIL LNWN,XG,1317.10629447052,6678.19935870211
"855",,,,,,,,NON NETWORK RAIL LNWN,XG,799.592781928028,5585.29469119007
"856",,,,,,,,NON NETWORK RAIL LNWN,XG,1132.25454247037,1968.93802889761
"857",,,,,,,,NON NETWORK RAIL NE,XB,1150.78401942133,10336.4854493024
"858",North West & Central,LNW North,HR,Lanc&Cumbria MDU-HR1,HR1,TME Blackburn,HR1600,TSM Blackburn,HR160010,217536.642840913,1496912196.01914
"859",Eastern,North and East,HF,York MDU - HF7,HF7,TME York,HF7066,TSM York (Central),HF706661,161205.163827749,1012656995.94493
"860",,,,,,,,NON NETWORK RAIL LNWN,XG,498.931862469631,4080.05828987563
"861",Eastern,North and East,HF,Middlesbrough MDU - HF1,HF1,TME Middlesbrough,HF1067,TSM Middlesbro West,HF106734,241089.644417939,1045458890.34776
"862",,,,,,,,NON NETWORK RAIL SCZ,XK,60.2454457771749,45.3050025920656
"863",,,,,,,,NON NETWORK RAIL SCZ,XK,787.421924781775,743.951044060735
"864",,,,,,,,NON NETWORK RAIL SCZ,XK,767.148595747895,744.016440362537
"865",,,,,,,,NON NETWORK RAIL SCZ,XK,1676.7637399458,16985.4572732811
"866",,,,,,,,NON NETWORK RAIL WEST,XD,706.911584449901,14149.4127743885
"867",,,,,,,,NON NETWORK RAIL WEST,XD,1245.17014138342,3426.16652121974
"868",,,,,,,,NON NETWORK RAIL SOU,XF,1849.26883142543,19232.3256881576
"869",Southern,Wessex,HW,Wessex Outer MDU,HW4,TME Basingstoke,HW4084,TSM Havant,HW408442,259507.056482348,1133235287.34156
"870",North West & Central,LNW South,HS,Bletchley MDU - HS8,HS8,TME Rugby,HS8003,TSM Northampton,HS800306,169699.559357765,868424061.005528
"871",North West & Central,LNW South,HS,Bletchley MDU - HS8,HS8,TME Bletchley,HS8002,TSM Milton Keynes,HS800205,86075.9868642069,231826545.172457
"872",,,,,,,,NON NETWORK RAIL LNWS,XC,1183.03826829455,18436.7106985095
"873",,,,,,,,NON NETWORK RAIL EMID,XZ,701.888374797497,3977.0378108861
"874",,,,,,,,NON NETWORK RAIL LNWS,XC,555.881270695012,1946.83845791873
"875",,,,,,,,NON NETWORK RAIL EMID,XZ,6414.49054300527,84928.3420201136
"876",,,,,,,,NON NETWORK RAIL EMID,XZ,601.749149665151,8868.59616584533
"877",,,,,,,,NON NETWORK RAIL EMID,XZ,199.33873040842,155.641864174853
"878",Eastern,East Midlands,HM,Derby MDU,HM9,TME Leicester,HM9082,TSM Trent,HM908243,95873.6769349452,254293959.184787
"879",,,,,,,,NON NETWORK RAIL EMID,XZ,1928.55677049347,25109.4181629206
"880",Eastern,East Midlands,HM,Derby MDU,HM9,TME Lincoln,HM9025,TSM Lincoln,HM902551,247896.485078747,1539867362.92318
"881",,,,,,,,NON NETWORK RAIL NE,XB,3171.40465079547,115229.455982381
"882",,,,,,,,NON NETWORK RAIL NE,XB,483.510795357174,4361.40804541205
"883",,,,,,,,NON NETWORK RAIL NE,XB,1498.95848706441,15245.881361175
"884",,,,,,,,NON NETWORK RAIL NE,XB,1476.16328027274,13453.335009632
"885",Eastern,North and East,HF,York MDU - HF7,HF7,TME Knottingley,HF7062,TSM Knottingley West,HF706222,131358.765602142,338867947.866634
"886",,,,,,,,NON NETWORK RAIL EC,XE,247.775285481531,1284.58230241144
"887",Eastern,East Coast,HE,Darlington MDU - HE1,HE1,TME Darlington,HE1064,TSM York (ECML),HE106441,145561.555052055,246375573.198919
"888",,,,,,,,NON NETWORK RAIL NE,XB,3659.64989819276,50385.2707362062
"889",,,,,,,,NON NETWORK RAIL NE,XB,5742.5587105364,349134.250983846
"890",Eastern,North and East,HF,York MDU - HF7,HF7,TME York,HF7066,TSM York (Central),HF706661,301517.60522569,2434485615.67482
"891",,,,,,,,NON NETWORK RAIL NE,XB,945.223636840615,899.623673889384
"892",,,,,,,,NON NETWORK RAIL NE,XB,507.197621025049,2506.34484401281
"893",,,,,,,,NON NETWORK RAIL NE,XB,15621.0719907596,963608.616179508
"894",Eastern,North and East,HF,Middlesbrough MDU - HF1,HF1,TME Middlesbrough,HF1067,TSM Heaton,HF106731,134880.995445695,176285904.433136
"895",,,,,,,,NON NETWORK RAIL LNWS,XC,1891.19096294529,21713.4965966805
"896",,,,,,,,NON NETWORK RAIL LNWS,XC,1394.09879809744,26234.0814128322
"897",,,,,,,,NON NETWORK RAIL LNWS,XC,292.190458258988,976.256579780723
"898",,,,,,,,NON NETWORK RAIL LNWS,XC,854.088723978249,6692.80997982215
"899",,,,,,,,NON NETWORK RAIL LNWS,XC,1389.22108566286,28520.1598541937
"900",,,,,,,,L.U.L.,XL,9480.01388672654,250605.72739648
"901",Wales & Western,Western,HD,Western East MDU,HD7,TME West Ealing,HD7074,TSM Paddington,HD707481,48747.3079772579,12984062.4915632
"902",,,,,,,,NON NETWORK RAIL SOU,XF,21.4071847686535,16.9634960554875
"903",,,,,,,,NON NETWORK RAIL LNWS,XC,776.380617448636,11822.0089259192
"904",,,,,,,,NON NETWORK RAIL EC,XE,119.057220071326,133.177733382096
"905",Southern,Wessex,HW,Wessex Inner MDU,HW2,TME Clapham,HW2081,TSM Waterloo,HW208112,8375.58783043551,2188613.2057647
"906",Southern,Sussex,HU,Croydon MDU,HU3,TME Croydon North,HU3050,TSM London Victoria,HU305001,60111.364985147,42912682.6289321
"907",,,,,,,,NON NETWORK RAIL ANG,XH,639.367334374676,1545.98804347326
"908",Southern,Kent,HK,Lon Bridge MDU,HK4,TME Hither Green,HK4034,TSM B.BEATTY MTCE,HK499902,512.398485274097,4501.37419586398
"909",,,,,,,,NON NETWORK RAIL SOU,XF,788.712978537577,16141.8691895228
"910",,,,,,,,NON NETWORK RAIL ANG,XH,1650.40877824434,17440.9601990165
"911",Southern,Kent,HK,Orpington MDU,HK5,TME Orpington,HK5028,TSM Orpington,HK502811,80477.5308790403,278643707.681539
"912",Southern,Sussex,HU,Brighton MDU,HU4,TME Brighton North,HU4052,TSM Three Bridges,HU405205,218797.493083693,669647811.241874
"913",,,,,,,,NON NETWORK RAIL ANG,XH,1283.96841038041,10298.2160434123
"914",,,,,,,,NON NETWORK RAIL SOU,XF,87.1783503660115,65.8099073319185
"915",,,,,,,,NON NETWORK RAIL SOU,XF,2004.92491775877,56975.8152993293
"916",,,,,,,,NON NETWORK RAIL SOU,XF,558.266715525522,1949.68788071272
"917",,,,,,,,NON NETWORK RAIL SOU,XF,2128.78684814684,37333.0482738299
"918",,,,,,,,NON NETWORK RAIL ANG,XH,566.800201434588,6352.23972301701
"919",,,,,,,,NON NETWORK RAIL ANG,XH,2803.41253470942,33530.543714447
"920",,,,,,,,NON NETWORK RAIL ANG,XH,509.453337802762,3713.25420364765
"921",Eastern,Anglia,HT,Ipswich MDU,HT7,TME Ipswich,HT7002,TSM Ipswich,HT700240,260998.300400451,852955734.055522
"922",,,,,,,,NON NETWORK RAIL EC,XE,3480.2726846483,8218.43202051199
"923",,,,,,,,NON NETWORK RAIL EC,XE,782.061482409505,2690.6507370182
"924",,,,,,,,NON NETWORK RAIL SOU,XF,1138.58307103102,23510.7220459238
"925",,,,,,,,NON NETWORK RAIL ANG,XH,250.996073128305,1733.88937065406
"926",,,,,,,,NON NETWORK RAIL ANG,XH,1059.14352821456,46755.4025974141
